Nom scientifique;Nom français;Statut (au moins une fiche);Nombre de fiches;N° de fiches (habitats);ID Phytoscope;nom photo 1;nom photo 2;nom photo 3;nom photo 4
Agrostis stolonifera var. pseudopungens;Agrostide maritime;Fréquente;2;14, 15;145;https://api.tela-botanica.org/img:000788612L.jpg;https://api.tela-botanica.org/img:000009487L.jpg;https://api.tela-botanica.org/img:000039274L.jpg;
Agrostis x murbeckii;Agrostide hybride;Fréquente;1;17;;;;;
Anagallis arvensis subsp. arvensis;Mouron rouge;Fréquente;1;13;380;https://api.tela-botanica.org/img:000036189L.jpg;https://api.tela-botanica.org/img:000234203L.jpg;https://api.tela-botanica.org/img:000234154L.jpg;
Apium graveolens;Céleri sauvage;Fréquente;1;14;526;https://api.tela-botanica.org/img:000339650L.jpg;https://api.tela-botanica.org/img:000339641L.jpg;;
Arenaria serpyllifolia subsp. serpyllifolia;Sabline à feuilles de serpolet;Fréquente;1;13;7672;https://api.tela-botanica.org/img:000133004L.jpg;https://api.tela-botanica.org/img:000250999L.jpg;https://api.tela-botanica.org/img:002412854L.jpg;
Armeria maritima;Armérie maritime;Fréquente;3;12, 13, 15;631;https://api.tela-botanica.org/img:000080167L.jpg;https://api.tela-botanica.org/img:002460504L.jpg;;
Aster tripolium;Aster maritime;Fréquente;10;4, 5, 6, 7, 9, 11, 12, 13, 14, 19;787;https://api.tela-botanica.org/img:000204409L.jpg;https://api.tela-botanica.org/img:000091267L.jpg;https://api.tela-botanica.org/img:002448676L.jpg;
Atriplex laciniata;Arroche laciniée;Fréquente;1;17;853;https://api.tela-botanica.org/img:000096683L.jpg;https://api.tela-botanica.org/img:000860603L.jpg;https://api.tela-botanica.org/img:000016224L.jpg;https://api.tela-botanica.org/img:000860605L.jpg
Atriplex littoralis;Arroche des grèves;Fréquente;3;4, 17, 19;854;https://api.tela-botanica.org/img:001960457O.jpg;https://api.tela-botanica.org/img:002318989O.jpg;https://api.tela-botanica.org/img:002462563O.jpg;
Atriplex prostrata;Arroche couchée;Caractéristique + fréquente;5;4, 11, 14, 17, 19;850;https://api.tela-botanica.org/img:000192670L.jpg;https://api.tela-botanica.org/img:000039846L.jpg;https://api.tela-botanica.org/img:000051839L.jpg;
Baccharis halimifolia;Baccharis à feuilles d'arroche;Fréquente;2;14, 17;8183;https://api.tela-botanica.org/img:000167772L.jpg;https://api.tela-botanica.org/img:000044820L.jpg;https://api.tela-botanica.org/img:000015460L.jpg;
Beta vulgaris subsp. maritima;Betterave maritime;Caractéristique;1;17;938;https://api.tela-botanica.org/img:000114717L.jpg;https://api.tela-botanica.org/img:000054431L.jpg;https://api.tela-botanica.org/img:000017343L.jpg;
Calystegia sepium;Liseron des haies;Fréquente;1;14;1209;https://api.tela-botanica.org/img:000188608L.jpg;https://api.tela-botanica.org/img:000180214L.jpg;https://api.tela-botanica.org/img:002228938O.jpg;
Carex distans;Laîche distante;Caractéristique;1;14;1365;https://api.tela-botanica.org/img:000080153L.jpg;https://api.tela-botanica.org/img:000057308L.jpg;https://api.tela-botanica.org/img:000021282O.jpg;
Carex extensa;Laîche étirée;Caractéristique;1;14;1377;https://api.tela-botanica.org/img:000015481L.jpg;https://api.tela-botanica.org/img:000016202L.jpg;https://api.tela-botanica.org/img:000045790L.jpg;
Catapodium marinum;Catapode marin;Fréquente;1;15;2157;https://api.tela-botanica.org/img:000272321L.jpg;https://api.tela-botanica.org/img:000116225L.jpg;https://api.tela-botanica.org/img:002433528L.jpg;
Catapodium rigidum;Catapode rigide;Fréquente;2;13, 15;2159;https://api.tela-botanica.org/img:000185536L.jpg;https://api.tela-botanica.org/img:000009531L.jpg;https://api.tela-botanica.org/img:000032653L.jpg;
Cochlearia anglica;Cochléaire anglaise;Fréquente;3;11, 12, 13;1797;https://api.tela-botanica.org/img:000314473L.jpg;;;
Cochlearia danica;Cochléaire du Danemark;Fréquente;2;13, 15;1798;https://api.tela-botanica.org/img:000078372L.jpg;https://api.tela-botanica.org/img:000279855L.jpg;;
Crithmum maritimum;Criste marine;Fréquente;1;13;1941;https://api.tela-botanica.org/img:000049636L.jpg;https://api.tela-botanica.org/img:000007164L.jpg;https://api.tela-botanica.org/img:000009087L.jpg;
Cynodon dactylon;Chiendent pied-de-poule;Fréquente;1;13;2000;https://api.tela-botanica.org/img:000192578L.jpg;https://api.tela-botanica.org/img:000222366L.jpg;https://api.tela-botanica.org/img:000036786L.jpg;
Dactylis glomerata;Dactyle aggloméré;Fréquente;1;17;2063;https://api.tela-botanica.org/img:000009516L.jpg;https://api.tela-botanica.org/img:000076736L.jpg;https://api.tela-botanica.org/img:000308214L.jpg;
Daucus carota subsp. carota;Carotte sauvage;Fréquente;1;17;2129;https://api.tela-botanica.org/img:000181076L.jpg;https://api.tela-botanica.org/img:000068931L.jpg;https://api.tela-botanica.org/img:000017390L.jpg;
Elymus pycnanthus;Chiendent du littoral;Caractéristique + fréquente;7;4, 8, 11, 13, 14, 15, 17;2375;https://api.tela-botanica.org/img:000790413L.jpg;https://api.tela-botanica.org/img:000009532L.jpg;https://api.tela-botanica.org/img:000207844L.jpg;
Eupatorium cannabinum;Eupatoire chanvrine;Fréquente;1;14;2564;https://api.tela-botanica.org/img:000043171L.jpg;https://api.tela-botanica.org/img:000043173L.jpg;https://api.tela-botanica.org/img:000084562L.jpg;
Festuca rubra gr.;Fétuque rouge (gr.);Fréquente;1;14;2766;https://api.tela-botanica.org/img:000179987L.jpg;https://api.tela-botanica.org/img:000148897L.jpg;;
Festuca rubra subsp. litoralis;Fétuque littorale;Fréquente;5;11, 12, 13, 15, 17;2766;https://api.tela-botanica.org/img:000790543L.jpg;;;
Frankenia laevis;Frankénie lisse;Caractéristique;1;13;2807;https://api.tela-botanica.org/img:000089379L.jpg;https://api.tela-botanica.org/img:000089413L.jpg;https://api.tela-botanica.org/img:000077773L.jpg;
Glaux maritima;Glaux maritime;Fréquente;2;11, 14;3056;https://api.tela-botanica.org/img:000080205L.jpg;https://api.tela-botanica.org/img:000333776L.jpg;https://api.tela-botanica.org/img:000079669L.jpg;
Halimione portulacoides;Obione faux-pourpier;Caractéristique + fréquente;12;3, 4, 5, 6, 7, 8, 9, 11, 12, 13, 17, 19;3109;https://api.tela-botanica.org/img:000020989L.jpg;https://api.tela-botanica.org/img:000065222L.jpg;https://api.tela-botanica.org/img:002448377L.jpg;
Herniaria ciliolata;Herniaire ciliée;Fréquente;1;13;3197;https://api.tela-botanica.org/img:002308838L.jpg;https://api.tela-botanica.org/img:002308839L.jpg;https://api.tela-botanica.org/img:002564608L.jpg;
Holcus lanatus;Houlque laineuse;Fréquente;1;17;3483;https://api.tela-botanica.org/img:000009520L.jpg;https://api.tela-botanica.org/img:000009550L.jpg;https://api.tela-botanica.org/img:000155758L.jpg;
Inula crithmoides;Inule faux-crithme;Caractéristique + fréquente;2;13, 17;3621;https://api.tela-botanica.org/img:000185284L.jpg;https://api.tela-botanica.org/img:000044215L.jpg;https://api.tela-botanica.org/img:000048417L.jpg;
Juncus ambiguus;Jonc ambigu;Fréquente;1;14;3721;https://api.tela-botanica.org/img:001797056L.jpg;https://api.tela-botanica.org/img:003135232L.jpg;https://api.tela-botanica.org/img:003135233O.jpg;
Juncus bufonius subsp. minutulus;Jonc des crapauds;Fréquente;1;15;3697;https://api.tela-botanica.org/img:000009961L.jpg;https://api.tela-botanica.org/img:000085154L.jpg;https://api.tela-botanica.org/img:000092338L.jpg;
Juncus gerardi;Jonc de Gérard;Caractéristique + fréquente;7;4, 11, 12, 13, 14, 15, 17;3712;https://api.tela-botanica.org/img:000332153L.jpg;https://api.tela-botanica.org/img:000073865L.jpg;;
Juncus maritimus;Jonc maritime;Caractéristique + fréquente;7;4, 8, 11, 12, 13, 14, 17;3718;https://api.tela-botanica.org/img:000009973L.jpg;https://api.tela-botanica.org/img:000260081O.jpg;https://api.tela-botanica.org/img:000009973L.jpg;
Limonium auriculae-ursifolium;Statice oreille d'ours;Caractéristique;1;13;4010;https://api.tela-botanica.org/img:000790556L.jpg;https://api.tela-botanica.org/img:000790548O.jpg;https://api.tela-botanica.org/img:000054106O.jpg;
Limonium dodartii;Statice de Dodart;Caractéristique;1;13;4014;https://api.tela-botanica.org/img:000331083L.jpg;https://api.tela-botanica.org/img:000331085L.jpg;https://api.tela-botanica.org/img:002240934O.jpg;
Limonium ovalifolium;Statice à feuilles ovales;Caractéristique + fréquente;2;13, 15;4038;https://api.tela-botanica.org/img:000332975L.jpg;https://api.tela-botanica.org/img:000332977L.jpg;https://api.tela-botanica.org/img:000332973L.jpg;
Limonium vulgare;Lavande de mer;Caractéristique + fréquente;11;2, 3, 4, 5, 6, 7, 9, 11, 12, 14, 17;4051;https://api.tela-botanica.org/img:000009481L.jpg;https://api.tela-botanica.org/img:000012516L.jpg;https://api.tela-botanica.org/img:000012522L.jpg;
Linaria arenaria;Linaire des sables;Fréquente;1;13;4058;https://api.tela-botanica.org/img:000025128L.jpg;https://api.tela-botanica.org/img:000332081L.jpg;;
Lycopus europaeus;Lycope d'Europe;Fréquente;1;14;4223;https://api.tela-botanica.org/img:002243248L.jpg;https://api.tela-botanica.org/img:000052620L.jpg;https://api.tela-botanica.org/img:000074118L.jpg;
Matricaria maritima subsp. maritima;Matricaire maritime;Fréquente;1;17;4270;https://api.tela-botanica.org/img:000019499L.jpg;https://api.tela-botanica.org/img:000790639L.jpg;https://api.tela-botanica.org/img:000019656L.jpg;
Melilotus albus;Mélilot blanc;Fréquente;1;13;4337;https://api.tela-botanica.org/img:000045946O.jpg;https://api.tela-botanica.org/img:000195603L.jpg;https://api.tela-botanica.org/img:000045944L.jpg;
Oenanthe lachenalii;Oenanthe de Lachenal;Caractéristique;1;14;4624;https://api.tela-botanica.org/img:000058158L.jpg;https://api.tela-botanica.org/img:000058161L.jpg;https://api.tela-botanica.org/img:000669384L.jpg;
Parapholis strigosa;Lepture droit;Caractéristique + fréquente;3;12, 13, 15;4947;https://api.tela-botanica.org/img:000790601L.jpg;;;
Phragmites australis;Roseau commun;Fréquente;1;14;5076;https://api.tela-botanica.org/img:000110866L.jpg;https://api.tela-botanica.org/img:000023656L.jpg;https://api.tela-botanica.org/img:002452038L.jpg;
Plantago coronopus;Plantain corne-de-cerf;Caractéristique + fréquente;2;13, 15;5193;https://api.tela-botanica.org/img:002431143L.jpg;https://api.tela-botanica.org/img:000079892L.jpg;https://api.tela-botanica.org/img:000051142CRS.jpg;https://api.tela-botanica.org/img:000194560L.jpg
Plantago maritima;Plantain maritime;Caractéristique + fréquente;8;4, 5, 6, 7, 11, 12, 13, 14;5206;https://api.tela-botanica.org/img:000080214L.jpg;https://api.tela-botanica.org/img:000079662O.jpg;https://api.tela-botanica.org/img:000009466L.jpg;
Polypogon monspeliensis;Polypogon de Montpellier;Fréquente;1;19;5328;https://api.tela-botanica.org/img:000058350O.jpg;https://api.tela-botanica.org/img:000221853O.jpg;;
Puccinellia maritima;Puccinellie maritime;Caractéristique + fréquente;11;2, 3, 4, 5, 6, 7, 8, 9, 12, 13, 19;5501;https://api.tela-botanica.org/img:002185414L.jpg;https://api.tela-botanica.org/img:000080219O.jpg;https://api.tela-botanica.org/img:002185417L.jpg;
Pulicaria dysenterica;Pulicaire dysentérique;Fréquente;1;14;5503;https://api.tela-botanica.org/img:000183953L.jpg;https://api.tela-botanica.org/img:003483641O.jpg;https://api.tela-botanica.org/img:000019602O.jpg;
Sagina maritima;Sagine maritime;Caractéristique + fréquente;2;13, 15;6033;https://api.tela-botanica.org/img:000020825O.jpg;;;
Salicornia europaea s.l.;Salicorne, groupe europaea;Caractéristique + fréquente;3;3, 4, 9;6050;https://nature22.com/estran22/vegetaux/angiospermes/salicornia_groupe_europaea1-mc.jpg;https://nature22.com/estran22/vegetaux/angiospermes/salicornia_groupe_europaea3-mc.jpg;;
Salicornia perennis;Salicorne vivace;Caractéristique + fréquente;9;2, 3, 4, 5, 6, 7, 8, 12, 17;683;https://nature22.com/estran22/vegetaux/angiospermes/salicornia_perennis2-fg.jpg;https://nature22.com/estran22/vegetaux/angiospermes/salicornia_perennis3-fg.jpg;https://nature22.com/estran22/vegetaux/angiospermes/salicornia_perennis1-mc.jpg;
Salicornia procumbens s.l.;Salicorne, groupe procumbens;Caractéristique + fréquente;4;2, 3, 4, 9;6052;https://nature22.com/estran22/vegetaux/angiospermes/salicornia_procumbens1-fg.jpg;https://nature22.com/estran22/vegetaux/angiospermes/salicornia_procumbens2-mc.jpg;;
Salicornia pruinosa;Salicorne ligneuse;Caractéristique + fréquente;4;4, 7, 8, 13;6139;;;;
Salicornia sp.;Salicorne indéterminée;Fréquente;4;6, 12, 13, 14;;;;;
Samolus valerandi;Samole de Valerand;Caractéristique;1;14;6118;https://api.tela-botanica.org/img:000191135L.jpg;https://api.tela-botanica.org/img:000024072O.jpg;;
Schoenus nigricans;Choin noirâtre;Fréquente;1;14;6250;https://api.tela-botanica.org/img:000076837L.jpg;https://api.tela-botanica.org/img:001929788O.jpg;https://api.tela-botanica.org/img:000065472O.jpg;
Scirpus maritimus;Scirpe maritime;Caractéristique + fréquente;5;4, 11, 14, 17, 19;6277;https://api.tela-botanica.org/img:000293214O.jpg;https://api.tela-botanica.org/img:000089345O.jpg;;
Sedum anglicum;Orpin d'Angleterre;Fréquente;1;13;6359;https://api.tela-botanica.org/img:000079608O.jpg;https://api.tela-botanica.org/img:000021174O.jpg;;
Silene vulgaris subsp. maritima;Silène maritime;Fréquente;1;13;6611;https://api.tela-botanica.org/img:000090733L.jpg;https://api.tela-botanica.org/img:000014275O.jpg;https://api.tela-botanica.org/img:000054564O.jpg;
Sonchus oleraceus;Laiteron potager;Fréquente;1;17;6688;https://api.tela-botanica.org/img:000017510O.jpg;https://api.tela-botanica.org/img:000042729O.jpg;https://api.tela-botanica.org/img:000045459O.jpg;
Spartina maritima;Spartine maritime;Caractéristique + fréquente;3;2, 3, 6;6712;https://api.tela-botanica.org/img:000089400L.jpg;https://api.tela-botanica.org/img:000063794O.jpg;https://api.tela-botanica.org/img:000063792CRS.jpg;
Spartina x townsendii var. anglica;Spartine d'Angleterre;Fréquente;3;3, 6, 7;6714;https://api.tela-botanica.org/img:002322664O.jpg;https://api.tela-botanica.org/img:002537317O.jpg;https://api.tela-botanica.org/img:002537318O.jpg;
Spergularia marina;Spergulaire marine;Caractéristique;1;15;6724;https://api.tela-botanica.org/img:000084718O.jpg;https://api.tela-botanica.org/img:000181435O.jpg;https://api.tela-botanica.org/img:000788617L.jpg;
Spergularia media;Spergulaire intermédiaire;Fréquente;8;3, 4, 5, 7, 9, 12, 13, 14;6726;https://api.tela-botanica.org/img:000263958L.jpg;https://api.tela-botanica.org/img:000055117O.jpg;https://api.tela-botanica.org/img:000185079L.jpg;
Suaeda maritima;Soude maritime;Caractéristique + fréquente;11;3, 4, 5, 7, 8, 9, 11, 12, 13, 14, 15;6802;https://api.tela-botanica.org/img:000058665O.jpg;https://api.tela-botanica.org/img:000047941O.jpg;https://api.tela-botanica.org/img:002335325L.jpg;https://api.tela-botanica.org/img:000044666O.jpg
Suaeda vera;Soude ligneuse;Caractéristique + fréquente;4;4, 5, 8, 13;6806;https://api.tela-botanica.org/img:000346280O.jpg;https://api.tela-botanica.org/img:000044665O.jpg;https://api.tela-botanica.org/img:000044664O.jpg;
Thelypteris palustris;Théliptéris des marais;Fréquente;1;14;6998;https://api.tela-botanica.org/img:002332940O.jpg;https://api.tela-botanica.org/img:000063530O.jpg;;
Triglochin bulbosum subsp. barrelieri;Troscart bulbeux;Fréquente;2;13, 15;7199;https://api.tela-botanica.org/img:000185874O.jpg;https://api.tela-botanica.org/img:000059885O.jpg;https://api.tela-botanica.org/img:001219907O.jpg;
Triglochin maritima;Troscart maritime;Caractéristique + fréquente;6;4, 5, 7, 11, 12, 14;7202;https://api.tela-botanica.org/img:000022693O.jpg;https://api.tela-botanica.org/img:000080242O.jpg;https://api.tela-botanica.org/img:000246058L.jpg;
Zostera noltii;Zostère naine;Caractéristique;1;1;7600;https://api.tela-botanica.org/img:002085350O.jpg;https://api.tela-botanica.org/img:002085419O.jpg;https://api.tela-botanica.org/img:002186281L.jpg;
Zostera marina var. Angustifolia;Zostère à feuilles étroites;Caractéristique;1;1;7598;https://api.tela-botanica.org/img:002186280L.jpg;https://api.tela-botanica.org/img:002186275L.jpg;;
