Nom scientifique;Nom français;Milieu;Type;N° fiches marais;Codes fiches dunes;ID Phytoscope;URL 1;URL 2;URL 3;URL 4;URL 5;URL 6;URL 7;Origine des URL;Correspondance xlsx dunes;Nom dans le xlsx;Illustration (xlsx);Priorité (xlsx)
Agrostis stolonifera var. pseudopungens;Agrostide maritime;Prés salés;Flore vasculaire;14, 15;;145;https://api.tela-botanica.org/img:000788612L.jpg;https://api.tela-botanica.org/img:000009487L.jpg;https://api.tela-botanica.org/img:000039274L.jpg;;;;;"1=CSV marais ; 2=CSV marais ; 3=CSV marais";absent du xlsx;;;
Agrostis x murbeckii;Agrostide hybride;Prés salés;Flore vasculaire;17;;;;;;;;;;;absent du xlsx;;;
Aira praecox;Canche printanière;Dunes;Flore vasculaire;;2.1d, 2.1f, 2.6b;;https://api.tela-botanica.org/img:000248452CRS.jpg;https://api.tela-botanica.org/img:000792080L.jpg;https://api.tela-botanica.org/img:000341919CRS.jpg;;;;;"1=xlsx dunes ; 2=xlsx dunes ; 3=xlsx dunes";exacte;;oui;2 - Complémentaire
Allium sphaerocephalon;Ail à tête ronde;Dunes;Flore vasculaire;;2.1a;;https://api.tela-botanica.org/img:000221498L.jpg;https://api.tela-botanica.org/img:000026143L.jpg;;;;;;"1=xlsx dunes ; 2=xlsx dunes";exacte;;à illustrer;2 - Complémentaire
Ammophila arenaria subsp. arenaria;Oyat;Dunes;Flore vasculaire;;1.1b, 1.1c, 1.2a, 1.2b, 1.3a, 1.3b;;https://api.tela-botanica.org/img:000155321CRS.jpg;https://api.tela-botanica.org/img:000047751CRS.jpg;https://api.tela-botanica.org/img:000076834CRS.jpg;https://api.tela-botanica.org/img:000248403L.jpg;;;;"1=xlsx dunes ; 2=xlsx dunes ; 3=xlsx dunes ; 4=xlsx dunes";espèce seule (rang différent);Ammophila arenaria;oui;1 - Essentiel
Anagallis arvensis;Mouron rouge;Dunes;Flore vasculaire;;2.1g, 2.5a, 2.6b;;https://api.tela-botanica.org/img:000683210L.jpg;https://api.tela-botanica.org/img:000977761L.jpg;https://api.tela-botanica.org/img:000113207CRS.jpg;;;;;"1=xlsx dunes ; 2=xlsx dunes ; 3=xlsx dunes";exacte;;à illustrer;3 - Contexte
Anagallis arvensis subsp. arvensis;Mouron rouge;Prés salés;Flore vasculaire;13;;380;https://api.tela-botanica.org/img:000036189L.jpg;https://api.tela-botanica.org/img:000234203L.jpg;https://api.tela-botanica.org/img:000234154L.jpg;https://api.tela-botanica.org/img:000683210L.jpg;https://api.tela-botanica.org/img:000977761L.jpg;https://api.tela-botanica.org/img:000113207CRS.jpg;;"1=CSV marais ; 2=CSV marais ; 3=CSV marais ; 4=xlsx dunes ; 5=xlsx dunes ; 6=xlsx dunes";espèce seule (rang différent);Anagallis arvensis;à illustrer;3 - Contexte
Anchusa arvensis subsp. arvensis;Buglosse des champs;Dunes;Flore vasculaire;;2.5a;;https://api.tela-botanica.org/img:000017436CRS.jpg;https://api.tela-botanica.org/img:000026434CRS.jpg;https://api.tela-botanica.org/img:000020041CRS.jpg;;;;;;absent du xlsx;;;
Anthoxanthum odoratum;Flouve odorante;Dunes;Flore vasculaire;;2.2b, 2.5c;;https://api.tela-botanica.org/img:000009493CRS.jpg;https://api.tela-botanica.org/img:000222658L.jpg;https://api.tela-botanica.org/img:000009492L.jpg;;;;;;absent du xlsx;;;
Anthriscus caucalis;Cerfeuil vulgaire;Dunes;Flore vasculaire;;2.5a;;https://api.tela-botanica.org/img:000055059L.jpg;https://api.tela-botanica.org/img:000057075L.jpg;https://api.tela-botanica.org/img:000009074CRS.jpg;;;;;"1=xlsx dunes ; 2=xlsx dunes ; 3=xlsx dunes";exacte;;à illustrer;3 - Contexte
Anthyllis vulneraria;Anthyllide vulnéraire;Dunes;Flore vasculaire;;2.1d, 2.1e, 2.1f;;https://api.tela-botanica.org/img:000161876L.jpg;https://api.tela-botanica.org/img:000051755CRS.jpg;https://api.tela-botanica.org/img:000133719L.jpg;;;;;"1=xlsx dunes ; 2=xlsx dunes ; 3=xlsx dunes";exacte;;à illustrer;3 - Contexte
Aphanes microcarpa;Alchémille à petits fruits;Dunes;Flore vasculaire;;2.6b;;https://api.tela-botanica.org/img:002256807L.jpg;https://api.tela-botanica.org/img:002256808L.jpg;https://api.tela-botanica.org/img:002256809L.jpg;;;;;1=Tela Botanica (API DEL);exacte;;à illustrer;3 - Contexte
Apium graveolens;Céleri sauvage;Prés salés;Flore vasculaire;14;;526;https://api.tela-botanica.org/img:000339650L.jpg;https://api.tela-botanica.org/img:000339641L.jpg;;;;;;"1=CSV marais ; 2=CSV marais";absent du xlsx;;;
Arenaria serpyllifolia;Sabline à feuilles de serpolet;Dunes;Flore vasculaire;;2.1d, 2.1e, 2.1f, 2.1g, 2.1h, 2.1i, 2.2b, 2.6b;;https://api.tela-botanica.org/img:002412849CRS.jpg;https://api.tela-botanica.org/img:002412854L.jpg;;;;;;"1=xlsx dunes ; 2=xlsx dunes";exacte;;à illustrer;2 - Complémentaire
Arenaria serpyllifolia subsp. serpyllifolia;Sabline à feuilles de serpolet;Prés salés;Flore vasculaire;13;;7672;https://api.tela-botanica.org/img:000133004L.jpg;https://api.tela-botanica.org/img:000250999L.jpg;https://api.tela-botanica.org/img:002412854L.jpg;https://api.tela-botanica.org/img:002412849CRS.jpg;;;;"1=CSV marais ; 2=CSV marais ; 3=CSV marais ; 4=xlsx dunes";espèce seule (rang différent);Arenaria serpyllifolia;à illustrer;2 - Complémentaire
Armeria maritima;Armérie maritime;Les deux;Flore vasculaire;12, 13, 15;2.1a, 2.1d, 2.1e, 2.1f;631;https://api.tela-botanica.org/img:000080167L.jpg;https://api.tela-botanica.org/img:002460504L.jpg;https://api.tela-botanica.org/img:000009479CRS.jpg;;;;;"1=CSV marais ; 2=CSV marais ; 3=xlsx dunes";exacte;;à illustrer;2 - Complémentaire
Arrhenatherum elatius s.l.;Fromental;Dunes;Flore vasculaire;;2.2a, 2.2b;;https://api.tela-botanica.org/img:000248894CRS.jpg;https://api.tela-botanica.org/img:000166901CRS.jpg;https://api.tela-botanica.org/img:000023617CRS.jpg;;;;;;absent du xlsx;;;
Arrhenatherum elatius subsp. bulbosum;Fromental bulbeux;Dunes;Flore vasculaire;;2.5b;;https://api.tela-botanica.org/img:000321401CRS.jpg;https://api.tela-botanica.org/img:000294436CRS.jpg;https://api.tela-botanica.org/img:000321407L.jpg;;;;;;absent du xlsx;;;
Arum italicum subsp. neglectum;Arum d'Italie négligé;Dunes;Flore vasculaire;;2.3;;https://api.tela-botanica.org/img:000332549CRS.jpg;https://api.tela-botanica.org/img:000332548L.jpg;;;;;;;absent du xlsx;;;
Asperula cynanchica;Aspérule à l'esquinancie;Dunes;Flore vasculaire;;2.1a, 2.1b, 2.1c, 2.1d, 2.1e, 2.1f;;https://api.tela-botanica.org/img:000024701CRS.jpg;https://api.tela-botanica.org/img:000024769CRS.jpg;;;;;;"1=xlsx dunes ; 2=xlsx dunes";exacte;;à illustrer;1 - Essentiel
Aster tripolium;Aster maritime;Prés salés;Flore vasculaire;4, 5, 6, 7, 9, 11, 12, 13, 14, 19;;787;https://api.tela-botanica.org/img:000204409L.jpg;https://api.tela-botanica.org/img:000091267L.jpg;https://api.tela-botanica.org/img:002448676L.jpg;;;;;"1=CSV marais ; 2=CSV marais ; 3=CSV marais";absent du xlsx;;;
Asterolinon linum-stellatum;Astérolinon;Dunes;Flore vasculaire;;2.1d, 2.1e, 2.1f;;https://api.tela-botanica.org/img:000071921L.jpg;https://api.tela-botanica.org/img:000024108L.jpg;https://api.tela-botanica.org/img:000772069L.jpg;;;;;"1=xlsx dunes ; 2=xlsx dunes ; 3=xlsx dunes";exacte;;à illustrer;3 - Contexte
Atriplex laciniata;Arroche laciniée;Les deux;Flore vasculaire;17;1.1a, 1.1b, 1.1c, 1.2a;853;https://api.tela-botanica.org/img:000096683L.jpg;https://api.tela-botanica.org/img:000860603L.jpg;https://api.tela-botanica.org/img:000016224L.jpg;https://api.tela-botanica.org/img:000860605L.jpg;https://api.tela-botanica.org/img:000096684CRS.jpg;https://api.tela-botanica.org/img:000089465CRS.jpg;;"1=CSV marais ; 2=CSV marais ; 3=CSV marais ; 4=CSV marais ; 5=xlsx dunes ; 6=xlsx dunes";exacte;;oui;2 - Complémentaire
Atriplex littoralis;Arroche des grèves;Prés salés;Flore vasculaire;4, 17, 19;;854;https://api.tela-botanica.org/img:001960457O.jpg;https://api.tela-botanica.org/img:002318989O.jpg;https://api.tela-botanica.org/img:002462563O.jpg;;;;;"1=CSV marais ; 2=CSV marais ; 3=CSV marais";absent du xlsx;;;
Atriplex prostrata;Arroche couchée;Prés salés;Flore vasculaire;4, 11, 14, 17, 19;;850;https://api.tela-botanica.org/img:000192670L.jpg;https://api.tela-botanica.org/img:000039846L.jpg;https://api.tela-botanica.org/img:000051839L.jpg;;;;;"1=CSV marais ; 2=CSV marais ; 3=CSV marais";absent du xlsx;;;
Baccharis halimifolia;Baccharis à feuilles d'arroche;Prés salés;Flore vasculaire;14, 17;;8183;https://api.tela-botanica.org/img:000167772L.jpg;https://api.tela-botanica.org/img:000044820L.jpg;https://api.tela-botanica.org/img:000015460L.jpg;;;;;"1=CSV marais ; 2=CSV marais ; 3=CSV marais";exacte;;à illustrer;3 - Contexte
Bellis perennis subsp. perennis;Pâquerette;Dunes;Flore vasculaire;;2.1g, 2.2a, 2.2b, 2.5c, 2.6b;;https://api.tela-botanica.org/img:000018226L.jpg;https://api.tela-botanica.org/img:000017872L.jpg;https://api.tela-botanica.org/img:000025592CRS.jpg;;;;;;espèce seule (rang différent);Bellis perennis;à illustrer;3 - Contexte
Beta vulgaris subsp. maritima;Betterave maritime;Les deux;Flore vasculaire;17;1.1a;938;https://api.tela-botanica.org/img:000114717L.jpg;https://api.tela-botanica.org/img:000054431L.jpg;https://api.tela-botanica.org/img:000017343L.jpg;https://api.tela-botanica.org/img:000016190CRS.jpg;https://api.tela-botanica.org/img:000017343CRS.jpg;https://api.tela-botanica.org/img:000054431CRS.jpg;https://api.tela-botanica.org/img:000066140L.jpg;"1=CSV marais ; 2=CSV marais ; 3=CSV marais ; 4=xlsx dunes ; 5=xlsx dunes ; 6=xlsx dunes ; 7=xlsx dunes";exacte;;oui;2 - Complémentaire
Brachythecium albicans;Brachythecium albicans (mousse);Dunes;Bryophyte / lichen;;2.1d;;;;;;;;;;absent du xlsx;;;
Brachythecium rutabulum;Brachythecium rutabulum (mousse);Dunes;Bryophyte / lichen;;2.2b;;;;;;;;;;absent du xlsx;;;
Bromus diandrus subsp. diandrus;Brome à deux étamines;Dunes;Flore vasculaire;;2.1h, 2.5c;;https://api.tela-botanica.org/img:003179235L.jpg;https://api.tela-botanica.org/img:003179233L.jpg;;;;;;1=Tela Botanica (API DEL);absent du xlsx;;;
Bromus diandrus subsp. maximus;Grand brome des sables;Dunes;Flore vasculaire;;2.1h, 2.5b;;https://api.tela-botanica.org/img:003125552L.jpg;https://api.tela-botanica.org/img:003125551L.jpg;https://api.tela-botanica.org/img:002342720L.jpg;;;;;1=Tela Botanica (API DEL) via Bromus diandrus;absent du xlsx;;;
Bromus hordeaceus subsp. hordeaceus;Brome mou;Dunes;Flore vasculaire;;2.1g, 2.1h, 2.2a, 2.2b, 2.5b, 2.5c;;https://api.tela-botanica.org/img:000116707L.jpg;https://api.tela-botanica.org/img:000009507L.jpg;https://api.tela-botanica.org/img:000009509CRS.jpg;;;;;"1=xlsx dunes ; 2=xlsx dunes ; 3=xlsx dunes";espèce seule (rang différent);Bromus hordeaceus;oui;2 - Complémentaire
Bryonia dioica;Bryone dioïque;Dunes;Flore vasculaire;;2.3, 2.5a;;https://api.tela-botanica.org/img:000162236L.jpg;https://api.tela-botanica.org/img:002490738CRS.jpg;https://api.tela-botanica.org/img:000021179CRS.jpg;;;;;;absent du xlsx;;;
Bupleurum baldense subsp. baldense;Buplèvre du mont Baldo;Dunes;Flore vasculaire;;2.1a, 2.1e, 2.1f;;https://api.tela-botanica.org/img:000242619L.jpg;https://api.tela-botanica.org/img:002198923CRS.jpg;https://api.tela-botanica.org/img:000018855CRS.jpg;;;;;"1=xlsx dunes ; 2=xlsx dunes ; 3=xlsx dunes";espèce seule (rang différent);Bupleurum baldense;à illustrer;2 - Complémentaire
Cakile maritima subsp. maritima;Roquette de mer;Dunes;Flore vasculaire;;1.1a, 1.1c, 1.2a, 1.2b, 1.3a;;https://api.tela-botanica.org/img:000048976L.jpg;https://api.tela-botanica.org/img:000036818CRS.jpg;https://api.tela-botanica.org/img:000069187L.jpg;;;;;"1=xlsx dunes ; 2=xlsx dunes ; 3=xlsx dunes";espèce seule (rang différent);Cakile maritima;oui;2 - Complémentaire
Calystegia sepium;Liseron des haies;Prés salés;Flore vasculaire;14;;1209;https://api.tela-botanica.org/img:000188608L.jpg;https://api.tela-botanica.org/img:000180214L.jpg;https://api.tela-botanica.org/img:002228938O.jpg;https://api.tela-botanica.org/img:000057272L.jpg;https://api.tela-botanica.org/img:000180215L.jpg;;;"1=CSV marais ; 2=CSV marais ; 3=CSV marais ; 4=xlsx dunes ; 5=xlsx dunes";exacte;;oui;3 - Contexte
Calystegia soldanella;Liseron des dunes;Dunes;Flore vasculaire;;1.1a, 1.1b, 1.1c, 1.2a, 1.2b, 1.3a, 1.3b, 2.1b;;https://api.tela-botanica.org/img:000073832L.jpg;https://api.tela-botanica.org/img:000261562CRS.jpg;https://api.tela-botanica.org/img:000045742CRS.jpg;;;;;"1=xlsx dunes ; 2=xlsx dunes ; 3=xlsx dunes";exacte;;oui;1 - Essentiel
Cardamine hirsuta;Cardamine hérissée;Dunes;Flore vasculaire;;2.3;;https://api.tela-botanica.org/img:002118982L.jpg;https://api.tela-botanica.org/img:000032848L.jpg;https://api.tela-botanica.org/img:000017607CRS.jpg;https://api.tela-botanica.org/img:000055524CRS.jpg;;;;"1=xlsx dunes ; 2=xlsx dunes ; 3=xlsx dunes ; 4=xlsx dunes";exacte;;à illustrer;3 - Contexte
Cardaria draba;Passerage drave;Dunes;Flore vasculaire;;2.5a;;https://api.tela-botanica.org/img:000105340L.jpg;https://api.tela-botanica.org/img:000105487L.jpg;https://api.tela-botanica.org/img:000069472L.jpg;;;;;;absent du xlsx;;;
Carduus nutans subsp. nutans;Chardon penché;Dunes;Flore vasculaire;;2.1i;;https://api.tela-botanica.org/img:000078109L.jpg;https://api.tela-botanica.org/img:000167487L.jpg;https://api.tela-botanica.org/img:002340239CRS.jpg;;;;;"1=xlsx dunes ; 2=xlsx dunes ; 3=xlsx dunes";espèce seule (rang différent);Carduus nutans;à illustrer;3 - Contexte
Carduus tenuiflorus;Chardon à petits capitules;Dunes;Flore vasculaire;;2.5a;;https://api.tela-botanica.org/img:000017697L.jpg;https://api.tela-botanica.org/img:000019429CRS.jpg;https://api.tela-botanica.org/img:000019524CRS.jpg;;;;;"1=xlsx dunes ; 2=xlsx dunes ; 3=xlsx dunes";exacte;;à illustrer;3 - Contexte
Carex arenaria;Laîche des sables;Dunes;Flore vasculaire;;1.3a, 1.3b, 2.1a, 2.1b, 2.1c, 2.1d, 2.1e, 2.1f, 2.1g, 2.1h, 2.1i, 2.2a, 2.2b, 2.5d, 2.6b;;https://api.tela-botanica.org/img:000083981L.jpg;https://api.tela-botanica.org/img:000083978L.jpg;https://api.tela-botanica.org/img:000331939L.jpg;https://api.tela-botanica.org/img:000167789CRS.jpg;;;;"1=xlsx dunes ; 2=xlsx dunes ; 3=xlsx dunes ; 4=xlsx dunes";exacte;;oui;1 - Essentiel
Carex distans;Laîche distante;Prés salés;Flore vasculaire;14;;1365;https://api.tela-botanica.org/img:000080153L.jpg;https://api.tela-botanica.org/img:000057308L.jpg;https://api.tela-botanica.org/img:000021282O.jpg;;;;;"1=CSV marais ; 2=CSV marais ; 3=CSV marais";absent du xlsx;;;
Carex extensa;Laîche étirée;Prés salés;Flore vasculaire;14;;1377;https://api.tela-botanica.org/img:000015481L.jpg;https://api.tela-botanica.org/img:000016202L.jpg;https://api.tela-botanica.org/img:000045790L.jpg;;;;;"1=CSV marais ; 2=CSV marais ; 3=CSV marais";absent du xlsx;;;
Carex flacca subsp. flacca;Laîche glauque;Dunes;Flore vasculaire;;2.2a;;https://api.tela-botanica.org/img:000258463CRS.jpg;https://api.tela-botanica.org/img:002477835CRS.jpg;https://api.tela-botanica.org/img:002477836CRS.jpg;;;;;;absent du xlsx;;;
Catapodium marinum;Catapode marin;Prés salés;Flore vasculaire;15;;2157;https://api.tela-botanica.org/img:000272321L.jpg;https://api.tela-botanica.org/img:000116225L.jpg;https://api.tela-botanica.org/img:002433528L.jpg;https://api.tela-botanica.org/img:002342753L.jpg;https://api.tela-botanica.org/img:000056451CRS.jpg;https://api.tela-botanica.org/img:002433528CRS.jpg;;"1=CSV marais ; 2=CSV marais ; 3=CSV marais ; 4=xlsx dunes ; 5=xlsx dunes ; 6=xlsx dunes";exacte;;à illustrer;3 - Contexte
Catapodium rigidum;Catapode rigide;Les deux;Flore vasculaire;13, 15;2.1a, 2.1c, 2.1g, 2.1h, 2.6b;2159;https://api.tela-botanica.org/img:000185536L.jpg;https://api.tela-botanica.org/img:000009531L.jpg;https://api.tela-botanica.org/img:000032653L.jpg;https://api.tela-botanica.org/img:000238478L.jpg;https://api.tela-botanica.org/img:000185536CRX2S.jpg;;;"1=CSV marais ; 2=CSV marais ; 3=CSV marais ; 4=xlsx dunes ; 5=xlsx dunes";exacte;;à illustrer;3 - Contexte
Cerastium diffusum subsp. diffusum;Céraiste à quatre étamines;Dunes;Flore vasculaire;;1.3b, 2.1a, 2.1b, 2.1c, 2.1d, 2.1e, 2.1f, 2.1g, 2.1h, 2.2b, 2.6b;;https://api.tela-botanica.org/img:000020827L.jpg;https://api.tela-botanica.org/img:000020799L.jpg;https://api.tela-botanica.org/img:002464785CRS.jpg;;;;;"1=xlsx dunes ; 2=xlsx dunes ; 3=xlsx dunes";espèce seule (rang différent);Cerastium diffusum;à illustrer;2 - Complémentaire
Cerastium semidecandrum subsp. semidecandrum;Céraiste à cinq étamines;Dunes;Flore vasculaire;;2.1c, 2.1d;;https://api.tela-botanica.org/img:000668195L.jpg;https://api.tela-botanica.org/img:000668198L.jpg;https://api.tela-botanica.org/img:000117404L.jpg;;;;;"1=xlsx dunes ; 2=xlsx dunes ; 3=xlsx dunes";espèce seule (rang différent);Cerastium semidecandrum;oui;2 - Complémentaire
Cirsium arvense;Cirse des champs;Dunes;Flore vasculaire;;2.5a;;https://api.tela-botanica.org/img:000114330L.jpg;https://api.tela-botanica.org/img:002213100CRS.jpg;https://api.tela-botanica.org/img:000060461CRS.jpg;;;;;;absent du xlsx;;;
Cochlearia anglica;Cochléaire anglaise;Prés salés;Flore vasculaire;11, 12, 13;;1797;https://api.tela-botanica.org/img:000314473L.jpg;;;;;;;1=CSV marais;absent du xlsx;;;
Cochlearia danica;Cochléaire du Danemark;Les deux;Flore vasculaire;13, 15;2.1a, 2.1b, 2.1d, 2.1e, 2.1f;1798;https://api.tela-botanica.org/img:000078372L.jpg;https://api.tela-botanica.org/img:000279855L.jpg;https://api.tela-botanica.org/img:000016946CRS.jpg;https://api.tela-botanica.org/img:000016947CRS.jpg;https://api.tela-botanica.org/img:000279855CRS.jpg;https://api.tela-botanica.org/img:000065172L.jpg;;"1=CSV marais ; 2=CSV marais ; 3=xlsx dunes ; 4=xlsx dunes ; 5=xlsx dunes ; 6=xlsx dunes";exacte;;à illustrer;2 - Complémentaire
Conium maculatum;Grande ciguë;Dunes;Flore vasculaire;;2.5a;;https://api.tela-botanica.org/img:000017768L.jpg;https://api.tela-botanica.org/img:000161150L.jpg;https://api.tela-botanica.org/img:000078556CRS.jpg;;;;;;absent du xlsx;;;
Conyza sumatrensis;Vergerette de Sumatra;Dunes;Flore vasculaire;;1.3a;;https://api.tela-botanica.org/img:000043578CRS.jpg;https://api.tela-botanica.org/img:000017459CRS.jpg;https://api.tela-botanica.org/img:000197134L.jpg;;;;;"1=xlsx dunes ; 2=xlsx dunes ; 3=xlsx dunes";exacte;;à illustrer;3 - Contexte
Corynephorus canescens;Corynéphore blanchâtre;Dunes;Flore vasculaire;;2.1c;;https://api.tela-botanica.org/img:000184456L.jpg;https://api.tela-botanica.org/img:000301112L.jpg;https://api.tela-botanica.org/img:002200610L.jpg;https://api.tela-botanica.org/img:002200598L.jpg;;;;"1=xlsx dunes ; 2=xlsx dunes ; 3=xlsx dunes ; 4=xlsx dunes";exacte;;oui;1 - Essentiel
Crassula tillaea;Crassule mousse;Dunes;Flore vasculaire;;2.6b;;https://api.tela-botanica.org/img:000072702L.jpg;https://api.tela-botanica.org/img:000057483L.jpg;https://api.tela-botanica.org/img:002473306CRS.jpg;;;;;;absent du xlsx;;;
Crithmum maritimum;Criste marine;Les deux;Flore vasculaire;13;1.2b, 1.3a;1941;https://api.tela-botanica.org/img:000049636L.jpg;https://api.tela-botanica.org/img:000007164L.jpg;https://api.tela-botanica.org/img:000009087L.jpg;https://api.tela-botanica.org/img:000049636CRS.jpg;https://api.tela-botanica.org/img:000009087CRS.jpg;https://api.tela-botanica.org/img:000188530L.jpg;;"1=CSV marais ; 2=CSV marais ; 3=CSV marais ; 4=xlsx dunes ; 5=xlsx dunes ; 6=xlsx dunes";exacte;;à illustrer;1 - Essentiel
Cynodon dactylon;Chiendent pied-de-poule;Les deux;Flore vasculaire;13;2.1g, 2.5a, 2.5d, 2.6b;2000;https://api.tela-botanica.org/img:000192578L.jpg;https://api.tela-botanica.org/img:000222366L.jpg;https://api.tela-botanica.org/img:000036786L.jpg;https://api.tela-botanica.org/img:000192578CRS.jpg;https://api.tela-botanica.org/img:000023651CRS.jpg;https://api.tela-botanica.org/img:000222366CRS.jpg;;"1=CSV marais ; 2=CSV marais ; 3=CSV marais ; 4=xlsx dunes ; 5=xlsx dunes ; 6=xlsx dunes";exacte;;à illustrer;3 - Contexte
Cynoglossum officinale;Cynoglosse officinale;Dunes;Flore vasculaire;;2.3, 2.5a;;https://api.tela-botanica.org/img:000187043CRS.jpg;https://api.tela-botanica.org/img:002131833CRS.jpg;https://api.tela-botanica.org/img:000187044CRS.jpg;;;;;"1=xlsx dunes ; 2=xlsx dunes ; 3=xlsx dunes";exacte;;à illustrer;3 - Contexte
Dactylis glomerata;Dactyle aggloméré;Les deux;Flore vasculaire;17;2.2a, 2.2b, 2.6b;2063;https://api.tela-botanica.org/img:000009516L.jpg;https://api.tela-botanica.org/img:000076736L.jpg;https://api.tela-botanica.org/img:000308214L.jpg;https://api.tela-botanica.org/img:000009517L.jpg;https://api.tela-botanica.org/img:000830649CRS.jpg;https://api.tela-botanica.org/img:000033247CRS.jpg;;"1=CSV marais ; 2=CSV marais ; 3=CSV marais ; 4=xlsx dunes ; 5=xlsx dunes ; 6=xlsx dunes";exacte;;à illustrer;3 - Contexte
Daucus carota subsp. carota;Carotte sauvage;Les deux;Flore vasculaire;17;2.2a;2129;https://api.tela-botanica.org/img:000181076L.jpg;https://api.tela-botanica.org/img:000068931L.jpg;https://api.tela-botanica.org/img:000017390L.jpg;;;;;"1=CSV marais ; 2=CSV marais ; 3=CSV marais";absent du xlsx;;;
Dianthus gallicus;Œillet de France;Dunes;Flore vasculaire;;2.1a, 2.1c, 2.1d, 2.1f;;https://api.tela-botanica.org/img:000043705CRS.jpg;https://api.tela-botanica.org/img:003483615CRS.jpg;https://api.tela-botanica.org/img:000052146CRS.jpg;;;;;"1=xlsx dunes ; 2=xlsx dunes ; 3=xlsx dunes";exacte;;à illustrer;1 - Essentiel
Didymodon vinealis;Didymodon vinealis (mousse);Dunes;Bryophyte / lichen;;2.6b;;;;;;;;;;absent du xlsx;;;
Diplotaxis tenuifolia;Diplotaxis vivace;Dunes;Flore vasculaire;;2.5a;;https://api.tela-botanica.org/img:000017391CRS.jpg;https://api.tela-botanica.org/img:000051639CRS.jpg;https://api.tela-botanica.org/img:000052241CRS.jpg;;;;;;absent du xlsx;;;
Echium vulgare;Vipérine commune;Dunes;Flore vasculaire;;2.5a;;https://api.tela-botanica.org/img:000080336L.jpg;https://api.tela-botanica.org/img:002198940CRS.jpg;https://api.tela-botanica.org/img:000035607CRS.jpg;;;;;"1=xlsx dunes ; 2=xlsx dunes ; 3=xlsx dunes";exacte;;à illustrer;3 - Contexte
Elymus farctus;Chiendent des sables;Dunes;Flore vasculaire;;1.1a, 1.1b, 1.1c, 1.2a, 1.2b, 1.3a;;https://api.tela-botanica.org/img:000035857CRS.jpg;https://api.tela-botanica.org/img:000080627CRS.jpg;https://api.tela-botanica.org/img:000080631CRS.jpg;https://api.tela-botanica.org/img:002489378L.jpg;;;;"1=xlsx dunes ; 2=xlsx dunes ; 3=xlsx dunes ; 4=xlsx dunes";exacte;;à illustrer;1 - Essentiel
Elymus pycnanthus;Chiendent du littoral;Prés salés;Flore vasculaire;4, 8, 11, 13, 14, 15, 17;;2375;https://api.tela-botanica.org/img:000790413L.jpg;https://api.tela-botanica.org/img:000009532L.jpg;https://api.tela-botanica.org/img:000207844L.jpg;;;;;"1=CSV marais ; 2=CSV marais ; 3=CSV marais";absent du xlsx;;;
Elymus x acutus;Chiendent hybride du littoral;Dunes;Flore vasculaire;;2.2a;;;;;;;;;;absent du xlsx;;;
Ephedra distachya subsp. distachya;Éphèdre à deux épis (Raisin de mer);Dunes;Flore vasculaire;;2.1a, 2.1b, 2.1c, 2.1g, 2.1h, 2.6b;;https://api.tela-botanica.org/img:000266636L.jpg;https://api.tela-botanica.org/img:000044653CRS.jpg;https://api.tela-botanica.org/img:000266633L.jpg;;;;;"1=xlsx dunes ; 2=xlsx dunes ; 3=xlsx dunes";espèce seule (rang différent);Ephedra distachya;à illustrer;1 - Essentiel
Erodium cicutarium;Bec-de-grue commun;Dunes;Flore vasculaire;;2.6b;;https://api.tela-botanica.org/img:000729293L.jpg;https://api.tela-botanica.org/img:002556085CRS.jpg;https://api.tela-botanica.org/img:002463088CRS.jpg;;;;;"1=xlsx dunes ; 2=xlsx dunes ; 3=xlsx dunes";exacte;;à illustrer;3 - Contexte
Erodium lebelii;Bec-de-grue de Lebel;Dunes;Flore vasculaire;;2.1a, 2.1b;;https://api.tela-botanica.org/img:002564656CRS.jpg;https://api.tela-botanica.org/img:002564655CRS.jpg;https://api.tela-botanica.org/img:002564651CRS.jpg;https://api.tela-botanica.org/img:000327221CRS.jpg;;;;"1=xlsx dunes ; 2=xlsx dunes ; 3=xlsx dunes ; 4=xlsx dunes";exacte;;oui;2 - Complémentaire
Eryngium campestre;Panicaut champêtre;Dunes;Flore vasculaire;;2.1a, 2.1b, 2.1c, 2.1d, 2.1e, 2.1f, 2.2a, 2.2b, 2.5c, 2.5d;;https://api.tela-botanica.org/img:000050749CRS.jpg;https://api.tela-botanica.org/img:000012276CRS.jpg;https://api.tela-botanica.org/img:002002925L.jpg;;;;;"1=xlsx dunes ; 2=xlsx dunes ; 3=xlsx dunes";exacte;;à illustrer;2 - Complémentaire
Eryngium maritimum;Panicaut de mer (Chardon bleu);Dunes;Flore vasculaire;;1.2a, 1.2b, 1.3a, 1.3b;;https://api.tela-botanica.org/img:000050749CRS.jpg;https://api.tela-botanica.org/img:002334235CRS.jpg;;;;;;"1=xlsx dunes ; 2=xlsx dunes";exacte;;à illustrer;1 - Essentiel
Eupatorium cannabinum;Eupatoire chanvrine;Prés salés;Flore vasculaire;14;;2564;https://api.tela-botanica.org/img:000043171L.jpg;https://api.tela-botanica.org/img:000043173L.jpg;https://api.tela-botanica.org/img:000084562L.jpg;;;;;"1=CSV marais ; 2=CSV marais ; 3=CSV marais";absent du xlsx;;;
Euphorbia paralias;Euphorbe des dunes;Dunes;Flore vasculaire;;1.2a, 1.2b, 1.3a, 1.3b;;https://api.tela-botanica.org/img:000074514L.jpg;https://api.tela-botanica.org/img:000015447CRS.jpg;https://api.tela-botanica.org/img:000035983CRS.jpg;;;;;"1=xlsx dunes ; 2=xlsx dunes ; 3=xlsx dunes";exacte;;à illustrer;1 - Essentiel
Euphorbia peplis;Euphorbe péplis;Dunes;Flore vasculaire;;1.1b;;https://api.tela-botanica.org/img:000053925L.jpg;https://api.tela-botanica.org/img:000043704CRS.jpg;https://api.tela-botanica.org/img:000053928CRS.jpg;;;;;"1=xlsx dunes ; 2=xlsx dunes ; 3=xlsx dunes";exacte;;à illustrer;3 - Contexte
Euphorbia portlandica;Euphorbe de Portland;Dunes;Flore vasculaire;;2.1a, 2.1b, 2.1d, 2.1f, 2.1h, 2.1i, 2.2a;;https://api.tela-botanica.org/img:000329334L.jpg;https://api.tela-botanica.org/img:000015267CRS.jpg;https://api.tela-botanica.org/img:000021725CRS.jpg;;;;;"1=xlsx dunes ; 2=xlsx dunes ; 3=xlsx dunes";exacte;;à illustrer;1 - Essentiel
Festuca arundinacea;Fétuque roseau;Dunes;Flore vasculaire;;2.2b;;https://api.tela-botanica.org/img:003125016L.jpg;https://api.tela-botanica.org/img:003125017L.jpg;https://api.tela-botanica.org/img:003125003L.jpg;;;;;1=Tela Botanica (API DEL);absent du xlsx;;;
Festuca juncifolia;Fétuque à feuilles de jonc;Dunes;Flore vasculaire;;1.3b, 2.1b, 2.1c;;;;;;;;;;exacte;;à illustrer;1 - Essentiel
Festuca rubra gr.;Fétuque rouge (gr.);Les deux;Flore vasculaire;14;2.1d, 2.1e, 2.1f, 2.1g, 2.1h, 2.2a, 2.2b;2766;https://api.tela-botanica.org/img:000179987L.jpg;https://api.tela-botanica.org/img:000148897L.jpg;https://api.tela-botanica.org/img:000179987CRS.jpg;https://api.tela-botanica.org/img:000332016CRS.jpg;https://api.tela-botanica.org/img:000332014CRS.jpg;;;"1=CSV marais ; 2=CSV marais ; 3=xlsx dunes ; 4=xlsx dunes ; 5=xlsx dunes";exacte;Festuca rubra;oui;3 - Contexte
Festuca rubra subsp. litoralis;Fétuque littorale;Prés salés;Flore vasculaire;11, 12, 13, 15, 17;;2766;https://api.tela-botanica.org/img:000790543L.jpg;https://api.tela-botanica.org/img:000179987CRS.jpg;https://api.tela-botanica.org/img:000332016CRS.jpg;https://api.tela-botanica.org/img:000332014CRS.jpg;;;;"1=CSV marais ; 2=xlsx dunes ; 3=xlsx dunes ; 4=xlsx dunes";espèce seule (rang différent);Festuca rubra;oui;3 - Contexte
Frankenia laevis;Frankénie lisse;Prés salés;Flore vasculaire;13;;2807;https://api.tela-botanica.org/img:000089379L.jpg;https://api.tela-botanica.org/img:000089413L.jpg;https://api.tela-botanica.org/img:000077773L.jpg;;;;;"1=CSV marais ; 2=CSV marais ; 3=CSV marais";absent du xlsx;;;
Galium aparine;Gaillet gratteron;Dunes;Flore vasculaire;;2.3;;https://api.tela-botanica.org/img:000191550L.jpg;https://api.tela-botanica.org/img:000069203CRS.jpg;;;;;;"1=xlsx dunes ; 2=xlsx dunes";exacte;;à illustrer;3 - Contexte
Galium arenarium;Gaillet des sables;Dunes;Flore vasculaire;;1.2b, 1.3a, 1.3b, 2.1a, 2.1b, 2.1c, 2.1d;;https://api.tela-botanica.org/img:000043654L.jpg;https://api.tela-botanica.org/img:000043653CRS.jpg;https://api.tela-botanica.org/img:002154069L.jpg;;;;;"1=xlsx dunes ; 2=xlsx dunes ; 3=xlsx dunes";exacte;;à illustrer;1 - Essentiel
Galium mollugo;Gaillet mollugine;Dunes;Flore vasculaire;;2.5a;;https://api.tela-botanica.org/img:002554880L.jpg;https://api.tela-botanica.org/img:002575866L.jpg;https://api.tela-botanica.org/img:002459535CRS.jpg;;;;;;absent du xlsx;;;
Gaudinia fragilis;Gaudinie fragile;Dunes;Flore vasculaire;;2.2b, 2.5c;;https://api.tela-botanica.org/img:001342756L.jpg;https://api.tela-botanica.org/img:000023618CRS.jpg;;;;;;;absent du xlsx;;;
Geranium columbinum;Géranium colombin;Dunes;Flore vasculaire;;2.2a, 2.2b;;https://api.tela-botanica.org/img:000166939L.jpg;https://api.tela-botanica.org/img:000077718L.jpg;https://api.tela-botanica.org/img:000075273CRS.jpg;;;;;;absent du xlsx;;;
Geranium dissectum;Géranium découpé;Dunes;Flore vasculaire;;2.5b, 2.5c;;https://api.tela-botanica.org/img:000022445CRS.jpg;https://api.tela-botanica.org/img:000071667CRS.jpg;https://api.tela-botanica.org/img:000117093L.jpg;https://api.tela-botanica.org/img:000232371L.jpg;;;;;absent du xlsx;;;
Geranium lucidum;Géranium luisant;Dunes;Flore vasculaire;;2.5a;;https://api.tela-botanica.org/img:001251055CRS.jpg;https://api.tela-botanica.org/img:000296015CRS.jpg;https://api.tela-botanica.org/img:000052364CRS.jpg;;;;;;absent du xlsx;;;
Geranium molle;Géranium à feuilles molles;Dunes;Flore vasculaire;;2.1a, 2.1b, 2.1d, 2.1f, 2.1g, 2.1h, 2.2a, 2.2b, 2.5a, 2.5b, 2.5c, 2.6b;;https://api.tela-botanica.org/img:000017874L.jpg;https://api.tela-botanica.org/img:002573256CRS.jpg;https://api.tela-botanica.org/img:000046037CRS.jpg;https://api.tela-botanica.org/img:000156326L.jpg;;;;;exacte;;à illustrer;3 - Contexte
Geranium purpureum;Géranium pourpre;Dunes;Flore vasculaire;;2.3;;https://api.tela-botanica.org/img:002576005CRS.jpg;https://api.tela-botanica.org/img:000027339CRS.jpg;https://api.tela-botanica.org/img:000101937CRS.jpg;https://api.tela-botanica.org/img:000101939L.jpg;;;;;exacte;;à illustrer;3 - Contexte
Geranium rotundifolium;Géranium à feuilles rondes;Dunes;Flore vasculaire;;2.5a;;https://api.tela-botanica.org/img:000017480CRS.jpg;https://api.tela-botanica.org/img:000118928CRS.jpg;https://api.tela-botanica.org/img:000102547L.jpg;;;;;;absent du xlsx;;;
Geranium sanguineum;Géranium sanguin;Dunes;Flore vasculaire;;2.1e;;https://api.tela-botanica.org/img:002253071L.jpg;https://api.tela-botanica.org/img:002450009CRS.jpg;https://api.tela-botanica.org/img:000022477CRS.jpg;;;;;"1=xlsx dunes ; 2=xlsx dunes ; 3=xlsx dunes";exacte;;oui;2 - Complémentaire
Glaucium flavum;Glaucière jaune (Pavot cornu);Dunes;Flore vasculaire;;2.1i;;https://api.tela-botanica.org/img:000017789L.jpg;https://api.tela-botanica.org/img:000009450CRS.jpg;https://api.tela-botanica.org/img:000007446CRS.jpg;https://api.tela-botanica.org/img:000158513L.jpg;;;;;exacte;;à illustrer;3 - Contexte
Glaux maritima;Glaux maritime;Prés salés;Flore vasculaire;11, 14;;3056;https://api.tela-botanica.org/img:000080205L.jpg;https://api.tela-botanica.org/img:000333776L.jpg;https://api.tela-botanica.org/img:000079669L.jpg;;;;;"1=CSV marais ; 2=CSV marais ; 3=CSV marais";absent du xlsx;;;
Halimione portulacoides;Obione faux-pourpier;Prés salés;Flore vasculaire;3, 4, 5, 6, 7, 8, 9, 11, 12, 13, 17, 19;;3109;https://api.tela-botanica.org/img:000020989L.jpg;https://api.tela-botanica.org/img:000065222L.jpg;https://api.tela-botanica.org/img:002448377L.jpg;;;;;"1=CSV marais ; 2=CSV marais ; 3=CSV marais";absent du xlsx;;;
Hedera helix subsp. helix;Lierre grimpant;Dunes;Flore vasculaire;;2.3;;https://api.tela-botanica.org/img:003523043L.jpg;https://api.tela-botanica.org/img:003518078L.jpg;https://api.tela-botanica.org/img:003518079L.jpg;;;;;1=Tela Botanica (API DEL) via Hedera helix;absent du xlsx;;;
Helichrysum stoechas subsp. stoechas;Immortelle des dunes;Dunes;Flore vasculaire;;2.1a, 2.1b, 2.1c, 2.1d, 2.1e, 2.1f;;https://api.tela-botanica.org/img:000032292CRS.jpg;https://api.tela-botanica.org/img:000251377L.jpg;https://api.tela-botanica.org/img:000111241L.jpg;;;;;;espèce seule (rang différent);Helichrysum stoechas;à illustrer;1 - Essentiel
Heracleum sphondylium;Berce commune;Dunes;Flore vasculaire;;2.5b;;https://api.tela-botanica.org/img:002332202CRS.jpg;https://api.tela-botanica.org/img:000017919CRS.jpg;https://api.tela-botanica.org/img:000035132CRS.jpg;https://api.tela-botanica.org/img:000070746CRS.jpg;https://api.tela-botanica.org/img:000044253CRS.jpg;;;;absent du xlsx;;;
Herniaria ciliolata;Herniaire ciliée;Prés salés;Flore vasculaire;13;;3197;https://api.tela-botanica.org/img:002308838L.jpg;https://api.tela-botanica.org/img:002308839L.jpg;https://api.tela-botanica.org/img:002564608L.jpg;;;;;"1=CSV marais ; 2=CSV marais ; 3=CSV marais";exacte;;à illustrer;3 - Contexte
Hieracium pilosella;Piloselle;Dunes;Flore vasculaire;;2.1d, 2.1e, 2.1f;;https://api.tela-botanica.org/img:002431261L.jpg;https://api.tela-botanica.org/img:002431262L.jpg;https://api.tela-botanica.org/img:002431263L.jpg;;;;;1=Tela Botanica (API DEL);exacte;;à illustrer;3 - Contexte
Holcus lanatus;Houlque laineuse;Les deux;Flore vasculaire;17;2.2a, 2.2b;3483;https://api.tela-botanica.org/img:000009520L.jpg;https://api.tela-botanica.org/img:000009550L.jpg;https://api.tela-botanica.org/img:000155758L.jpg;;;;;"1=CSV marais ; 2=CSV marais ; 3=CSV marais";exacte;;à illustrer;3 - Contexte
Homalothecium lutescens;Homalothecium lutescens (mousse);Dunes;Bryophyte / lichen;;2.1a, 2.1b, 2.1d, 2.1f, 2.1h, 2.2a, 2.2b, 2.6b;;;;;;;;;;exacte;;à illustrer;2 - Complémentaire
Honckenya peploides;Pourpier de mer;Dunes;Flore vasculaire;;1.1a, 1.1b, 1.1c, 1.2b;;;https://api.tela-botanica.org/img:000088391L.jpg;https://api.tela-botanica.org/img:000016185L.jpg;https://api.tela-botanica.org/img:000020860CRS.jpg;;;;;exacte;;à illustrer;2 - Complémentaire
Hypericum perforatum;Millepertuis perforé;Dunes;Flore vasculaire;;2.5a;;;https://api.tela-botanica.org/img:000080318L.jpg;https://api.tela-botanica.org/img:000017481CRS.jpg;https://api.tela-botanica.org/img:000184092L.jpg;;;;;absent du xlsx;;;
Hypnum cupressiforme var. lacunosum;Hypnum cupressiforme (mousse des dunes grises);Dunes;Bryophyte / lichen;;2.1d, 2.1e, 2.1f, 2.1h, 2.2a, 2.2b;;;;;;;;;;exacte;Hypnum cupressiforme subsp. lacunosum;à illustrer;2 - Complémentaire
Hypochaeris radicata;Porcelle enracinée;Dunes;Flore vasculaire;;1.3b, 2.1a, 2.1b, 2.1d, 2.1e, 2.1f, 2.1g, 2.2a, 2.2b;;;https://api.tela-botanica.org/img:000064567L.jpg;https://api.tela-botanica.org/img:000016130CRS.jpg;https://api.tela-botanica.org/img:000185894L.jpg;;;;;exacte;;à illustrer;2 - Complémentaire
Inula crithmoides;Inule faux-crithme;Prés salés;Flore vasculaire;13, 17;;3621;https://api.tela-botanica.org/img:000185284L.jpg;https://api.tela-botanica.org/img:000044215L.jpg;https://api.tela-botanica.org/img:000048417L.jpg;;;;;"1=CSV marais ; 2=CSV marais ; 3=CSV marais";absent du xlsx;;;
Iris foetidissima;Iris fétide;Dunes;Flore vasculaire;;2.3;;;https://api.tela-botanica.org/img:000009952CRS.jpg;https://api.tela-botanica.org/img:000189877L.jpg;https://api.tela-botanica.org/img:002252942L.jpg;;;;;absent du xlsx;;;
Jasione montana subsp. montana;Jasione des montagnes;Dunes;Flore vasculaire;;2.1b, 2.1c;;;https://api.tela-botanica.org/img:000086519L.jpg;https://api.tela-botanica.org/img:000086559CRS.jpg;;;;;;espèce seule (rang différent);Jasione montana;à illustrer;3 - Contexte
Juncus ambiguus;Jonc ambigu;Prés salés;Flore vasculaire;14;;3721;https://api.tela-botanica.org/img:001797056L.jpg;https://api.tela-botanica.org/img:003135232L.jpg;https://api.tela-botanica.org/img:003135233O.jpg;;;;;"1=CSV marais ; 2=CSV marais ; 3=CSV marais";absent du xlsx;;;
Juncus bufonius;Jonc des crapauds;Dunes;Flore vasculaire;;2.1g;;https://api.tela-botanica.org/img:000009961L.jpg;https://api.tela-botanica.org/img:000085154L.jpg;https://api.tela-botanica.org/img:000092338L.jpg;;;;;"1=CSV marais (via Juncus bufonius subsp. minutulus) ; 2=CSV marais (via Juncus bufonius subsp. minutulus) ; 3=CSV marais (via Juncus bufonius subsp. minutulus)";exacte;;à illustrer;3 - Contexte
Juncus bufonius subsp. minutulus;Jonc des crapauds;Prés salés;Flore vasculaire;15;;3697;https://api.tela-botanica.org/img:000009961L.jpg;https://api.tela-botanica.org/img:000085154L.jpg;https://api.tela-botanica.org/img:000092338L.jpg;;;;;"1=CSV marais ; 2=CSV marais ; 3=CSV marais";espèce seule (rang différent);Juncus bufonius;à illustrer;3 - Contexte
Juncus gerardi;Jonc de Gérard;Prés salés;Flore vasculaire;4, 11, 12, 13, 14, 15, 17;;3712;https://api.tela-botanica.org/img:000332153L.jpg;https://api.tela-botanica.org/img:000073865L.jpg;;;;;;"1=CSV marais ; 2=CSV marais";absent du xlsx;;;
Juncus maritimus;Jonc maritime;Prés salés;Flore vasculaire;4, 8, 11, 12, 13, 14, 17;;3718;https://api.tela-botanica.org/img:000009973L.jpg;https://api.tela-botanica.org/img:000260081O.jpg;;;;;;"1=CSV marais ; 2=CSV marais";absent du xlsx;;;
Koeleria glauca;Koelérie glauque;Dunes;Flore vasculaire;;2.1a, 2.1b, 2.1c, 2.1d, 2.1e, 2.1f, 2.2b;;;https://api.tela-botanica.org/img:000015476L.jpg;https://api.tela-botanica.org/img:000015475CRS.jpg;;;;;;exacte;;à illustrer;1 - Essentiel
Lagurus ovatus;Lagure ovale (Queue-de-lièvre);Dunes;Flore vasculaire;;2.1h, 2.5b, 2.5c;;;https://api.tela-botanica.org/img:002016183CRS.jpg;https://api.tela-botanica.org/img:002250658CRS.jpg;https://api.tela-botanica.org/img:000009554CRS.jpg;;;;;exacte;;à illustrer;2 - Complémentaire
Lamium amplexicaule subsp. amplexicaule;Lamier amplexicaule;Dunes;Flore vasculaire;;2.1a, 2.1b, 2.1c, 2.1d, 2.1f;;;https://api.tela-botanica.org/img:000055799L.jpg;https://api.tela-botanica.org/img:000113193L.jpg;https://api.tela-botanica.org/img:000203779L.jpg;;;;;espèce seule (rang différent);Lamium amplexicaule;à illustrer;2 - Complémentaire
Leontodon saxatilis;Liondent des rochers;Dunes;Flore vasculaire;;1.2b, 1.3b, 2.1a, 2.1b, 2.1c, 2.1d, 2.1e, 2.1f, 2.2a, 2.2b, 2.6b;;;https://api.tela-botanica.org/img:000133012CRS.jpg;https://api.tela-botanica.org/img:000019157CRS.jpg;https://api.tela-botanica.org/img:000026402L.jpg;;;;;exacte;;à illustrer;2 - Complémentaire
Leucanthemum vulgare;Marguerite commune;Dunes;Flore vasculaire;;2.2b, 2.5c;;https://api.tela-botanica.org/img:003439222L.jpg;https://api.tela-botanica.org/img:003245389L.jpg;https://api.tela-botanica.org/img:003245385L.jpg;;;;;1=Tela Botanica (API DEL);absent du xlsx;;;
Lichen sp.;Lichen (non déterminé);Dunes;Bryophyte / lichen;;2.1a, 2.1d, 2.1f;;;;;;;;;;absent du xlsx;;;
Limonium auriculae-ursifolium;Statice oreille d'ours;Prés salés;Flore vasculaire;13;;4010;https://api.tela-botanica.org/img:000790556L.jpg;https://api.tela-botanica.org/img:000790548O.jpg;https://api.tela-botanica.org/img:000054106O.jpg;;;;;"1=CSV marais ; 2=CSV marais ; 3=CSV marais";absent du xlsx;;;
Limonium dodartii;Statice de Dodart;Prés salés;Flore vasculaire;13;;4014;https://api.tela-botanica.org/img:000331083L.jpg;https://api.tela-botanica.org/img:000331085L.jpg;https://api.tela-botanica.org/img:002240934O.jpg;;;;;"1=CSV marais ; 2=CSV marais ; 3=CSV marais";absent du xlsx;;;
Limonium ovalifolium;Statice à feuilles ovales;Prés salés;Flore vasculaire;13, 15;;4038;https://api.tela-botanica.org/img:000332975L.jpg;https://api.tela-botanica.org/img:000332977L.jpg;https://api.tela-botanica.org/img:000332973L.jpg;;;;;"1=CSV marais ; 2=CSV marais ; 3=CSV marais";absent du xlsx;;;
Limonium vulgare;Lavande de mer;Prés salés;Flore vasculaire;2, 3, 4, 5, 6, 7, 9, 11, 12, 14, 17;;4051;https://api.tela-botanica.org/img:000009481L.jpg;https://api.tela-botanica.org/img:000012516L.jpg;https://api.tela-botanica.org/img:000012522L.jpg;;;;;"1=CSV marais ; 2=CSV marais ; 3=CSV marais";absent du xlsx;;;
Linaria arenaria;Linaire des sables;Les deux;Flore vasculaire;13;2.1a, 2.1b, 2.1d, 2.1e, 2.1i;4058;https://api.tela-botanica.org/img:000025128L.jpg;https://api.tela-botanica.org/img:000332081L.jpg;;;;;;"1=CSV marais ; 2=CSV marais";exacte;;à illustrer;1 - Essentiel
Lotus corniculatus subsp. corniculatus;Lotier corniculé;Dunes;Flore vasculaire;;2.1d, 2.1e, 2.1f, 2.2a, 2.2b;;;https://api.tela-botanica.org/img:002426506CRS.jpg;https://api.tela-botanica.org/img:000007020CRS.jpg;https://api.tela-botanica.org/img:000050942CRS.jpg;;;;;espèce seule (rang différent);Lotus corniculatus;à illustrer;3 - Contexte
Luzula campestris;Luzule champêtre;Dunes;Flore vasculaire;;2.2a, 2.2b;;;https://api.tela-botanica.org/img:001417370L.jpg;https://api.tela-botanica.org/img:000029248CRS.jpg;https://api.tela-botanica.org/img:000046098CRS.jpg;;;;;absent du xlsx;;;
Lycopus europaeus;Lycope d'Europe;Prés salés;Flore vasculaire;14;;4223;https://api.tela-botanica.org/img:002243248L.jpg;https://api.tela-botanica.org/img:000052620L.jpg;https://api.tela-botanica.org/img:000074118L.jpg;;;;;"1=CSV marais ; 2=CSV marais ; 3=CSV marais";absent du xlsx;;;
Matricaria maritima subsp. maritima;Matricaire maritime;Les deux;Flore vasculaire;17;1.1b, 1.2b;4270;https://api.tela-botanica.org/img:000019499L.jpg;https://api.tela-botanica.org/img:000790639L.jpg;https://api.tela-botanica.org/img:000019656L.jpg;;;;;"1=CSV marais ; 2=CSV marais ; 3=CSV marais";exacte;;à illustrer;2 - Complémentaire
Matthiola sinuata;Giroflée des dunes;Dunes;Flore vasculaire;;1.2b, 1.3a, 1.3b;;;https://api.tela-botanica.org/img:000135006L.jpg;https://api.tela-botanica.org/img:000053762CRS.jpg;https://api.tela-botanica.org/img:002449370CRS.jpg;;;;;exacte;;à illustrer;1 - Essentiel
Medicago arabica;Luzerne tachetée;Dunes;Flore vasculaire;;2.2b;;;https://api.tela-botanica.org/img:000039365L.jpg;https://api.tela-botanica.org/img:002194334CRS.jpg;https://api.tela-botanica.org/img:002194333CRS.jpg;;;;;absent du xlsx;;;
Medicago lupulina;Minette;Dunes;Flore vasculaire;;2.1d, 2.1e, 2.2a, 2.2b;;;https://api.tela-botanica.org/img:002570101CRS.jpg;https://api.tela-botanica.org/img:000049363CRS.jpg;https://api.tela-botanica.org/img:000016116CRS.jpg;;;;;exacte;;à illustrer;3 - Contexte
Medicago marina;Luzerne marine;Dunes;Flore vasculaire;;1.3b;;;https://api.tela-botanica.org/img:000017837CRS.jpg;https://api.tela-botanica.org/img:000022334CRS.jpg;https://api.tela-botanica.org/img:000017838CRS.jpg;;;;;exacte;;à illustrer;1 - Essentiel
Medicago minima;Luzerne naine;Dunes;Flore vasculaire;;2.1a, 2.1e, 2.1f, 2.1g, 2.1h;;;https://api.tela-botanica.org/img:002918138L.jpg;https://api.tela-botanica.org/img:000022273CRS.jpg;https://api.tela-botanica.org/img:000191501CRS.jpg;;;;;exacte;;à illustrer;2 - Complémentaire
Medicago sativa;Luzerne cultivée;Dunes;Flore vasculaire;;2.5c;;;https://api.tela-botanica.org/img:000080312L.jpg;https://api.tela-botanica.org/img:000039725CRS.jpg;https://api.tela-botanica.org/img:000063331CRS.jpg;;;;;absent du xlsx;;;
Melilotus albus;Mélilot blanc;Prés salés;Flore vasculaire;13;;4337;https://api.tela-botanica.org/img:000045946O.jpg;https://api.tela-botanica.org/img:000195603L.jpg;https://api.tela-botanica.org/img:000045944L.jpg;;;;;"1=CSV marais ; 2=CSV marais ; 3=CSV marais";absent du xlsx;;;
Mercurialis annua;Mercuriale annuelle;Dunes;Flore vasculaire;;2.5a;;;https://api.tela-botanica.org/img:000032829CRS.jpg;https://api.tela-botanica.org/img:000021777CRS.jpg;https://api.tela-botanica.org/img:003120112CRS.jpg;;;;;absent du xlsx;;;
Mibora minima;Mibora naine;Dunes;Flore vasculaire;;1.3b, 2.1a, 2.1b, 2.1c, 2.1d, 2.1f, 2.1g, 2.1h, 2.1i;;;https://api.tela-botanica.org/img:000106907L.jpg;https://api.tela-botanica.org/img:000048690CRS.jpg;https://api.tela-botanica.org/img:000106905CRS.jpg;;;;;exacte;;à illustrer;1 - Essentiel
Myosotis discolor;Myosotis bicolore;Dunes;Flore vasculaire;;2.2b;;;https://api.tela-botanica.org/img:000187407CRS.jpg;;;;;;;exacte;;à illustrer;3 - Contexte
Myosotis ramosissima;Myosotis rameux;Dunes;Flore vasculaire;;2.6b;;;https://api.tela-botanica.org/img:002172568CRS.jpg;https://api.tela-botanica.org/img:002451875CRS.jpg;https://api.tela-botanica.org/img:000027351CRS.jpg;;;;;exacte;;à illustrer;2 - Complémentaire
Myosotis ramosissima subsp. lebelii;Myosotis de Lebel;Dunes;Flore vasculaire;;2.1b, 2.1d, 2.1e, 2.1f, 2.2a, 2.2b;;https://api.tela-botanica.org/img:003471451L.jpg;https://api.tela-botanica.org/img:003471452L.jpg;https://api.tela-botanica.org/img:003471453L.jpg;;;;;1=Tela Botanica (API DEL) via Myosotis ramosissima;espèce seule (rang différent);Myosotis ramosissima;à illustrer;2 - Complémentaire
Oenanthe lachenalii;Oenanthe de Lachenal;Prés salés;Flore vasculaire;14;;4624;https://api.tela-botanica.org/img:000058158L.jpg;https://api.tela-botanica.org/img:000058161L.jpg;https://api.tela-botanica.org/img:000669384L.jpg;;;;;"1=CSV marais ; 2=CSV marais ; 3=CSV marais";absent du xlsx;;;
Ononis repens;Bugrane rampante;Dunes;Flore vasculaire;;2.1b, 2.1c, 2.1d, 2.1f, 2.2a;;;https://api.tela-botanica.org/img:000178955CRS.jpg;https://api.tela-botanica.org/img:000178957CRS.jpg;;;;;;exacte;;à illustrer;2 - Complémentaire
Ophrys passionis;Ophrys de la Passion;Dunes;Flore vasculaire;;2.1d, 2.1f;;;https://api.tela-botanica.org/img:000015962L.jpg;https://api.tela-botanica.org/img:000015960L.jpg;https://api.tela-botanica.org/img:002342131CRS.jpg;;;;;exacte;;à illustrer;3 - Contexte
Otanthus maritimus;Immortelle des sables (Diotis);Dunes;Flore vasculaire;;1.2b;;;https://api.tela-botanica.org/img:000221769L.jpg;https://api.tela-botanica.org/img:002335745CRS.jpg;https://api.tela-botanica.org/img:000798204CRS.jpg;https://api.tela-botanica.org/img:000289770CRS.jpg;;;;exacte;;à illustrer;1 - Essentiel
Papaver dubium;Coquelicot douteux;Dunes;Flore vasculaire;;2.5c;;;https://api.tela-botanica.org/img:000017428CRS.jpg;https://api.tela-botanica.org/img:002528804CRS.jpg;https://api.tela-botanica.org/img:000064453CRS.jpg;;;;;exacte;;à illustrer;3 - Contexte
Parapholis strigosa;Lepture droit;Prés salés;Flore vasculaire;12, 13, 15;;4947;https://api.tela-botanica.org/img:000790601L.jpg;;;;;;;1=CSV marais;absent du xlsx;;;
Parentucellia latifolia;Parentucelle à larges feuilles;Dunes;Flore vasculaire;;2.1g, 2.6b;;;https://api.tela-botanica.org/img:000253149L.jpg;https://api.tela-botanica.org/img:002338359CRS.jpg;https://api.tela-botanica.org/img:000738538CRS.jpg;;;;;exacte;;à illustrer;2 - Complémentaire
Phleum arenarium;Fléole des sables;Dunes;Flore vasculaire;;2.1b, 2.1c;;;https://api.tela-botanica.org/img:000023645L.jpg;https://api.tela-botanica.org/img:002453517CRS.jpg;https://api.tela-botanica.org/img:000009562CRS.jpg;;;;;exacte;;à illustrer;2 - Complémentaire
Phragmites australis;Roseau commun;Prés salés;Flore vasculaire;14;;5076;https://api.tela-botanica.org/img:000110866L.jpg;https://api.tela-botanica.org/img:000023656L.jpg;https://api.tela-botanica.org/img:002452038L.jpg;;;;;"1=CSV marais ; 2=CSV marais ; 3=CSV marais";absent du xlsx;;;
Plantago coronopus;Plantain corne-de-cerf;Prés salés;Flore vasculaire;13, 15;;5193;https://api.tela-botanica.org/img:002431143L.jpg;https://api.tela-botanica.org/img:000079892L.jpg;https://api.tela-botanica.org/img:000051142CRS.jpg;https://api.tela-botanica.org/img:000194560L.jpg;;;;"1=CSV marais ; 2=CSV marais ; 3=CSV marais ; 4=CSV marais";exacte;;à illustrer;2 - Complémentaire
Plantago coronopus subsp. coronopus;Plantain corne-de-cerf;Dunes;Flore vasculaire;;2.1g, 2.1i, 2.2a, 2.6b;;https://api.tela-botanica.org/img:002431143L.jpg;https://api.tela-botanica.org/img:000079892L.jpg;https://api.tela-botanica.org/img:000051142CRS.jpg;https://api.tela-botanica.org/img:000194560L.jpg;;;;"1=CSV marais (via Plantago coronopus) ; 2=CSV marais (via Plantago coronopus) ; 3=CSV marais (via Plantago coronopus) ; 4=CSV marais (via Plantago coronopus)";espèce seule (rang différent);Plantago coronopus;à illustrer;2 - Complémentaire
Plantago lanceolata;Plantain lancéolé;Dunes;Flore vasculaire;;1.3b, 2.1a, 2.1b, 2.1c, 2.1d, 2.1e, 2.1f, 2.1g, 2.1i, 2.2a, 2.2b, 2.5a, 2.5b, 2.5c, 2.6b;;;https://api.tela-botanica.org/img:000058307CRS.jpg;https://api.tela-botanica.org/img:000058308CRS.jpg;;;;;;exacte;;à illustrer;2 - Complémentaire
Plantago maritima;Plantain maritime;Prés salés;Flore vasculaire;4, 5, 6, 7, 11, 12, 13, 14;;5206;https://api.tela-botanica.org/img:000080214L.jpg;https://api.tela-botanica.org/img:000079662O.jpg;https://api.tela-botanica.org/img:000009466L.jpg;;;;;"1=CSV marais ; 2=CSV marais ; 3=CSV marais";absent du xlsx;;;
Poa annua;Pâturin annuel;Dunes;Flore vasculaire;;2.1g;;;https://api.tela-botanica.org/img:000293627CRS.jpg;https://api.tela-botanica.org/img:000293630CRS.jpg;https://api.tela-botanica.org/img:000023871CRS.jpg;;;;;exacte;;à illustrer;3 - Contexte
Poa bulbosa;Pâturin bulbeux;Dunes;Flore vasculaire;;2.6b;;https://api.tela-botanica.org/img:003280259L.jpg;https://api.tela-botanica.org/img:003174525L.jpg;https://api.tela-botanica.org/img:003166592L.jpg;;;;;1=Tela Botanica (API DEL);exacte;;à illustrer;3 - Contexte
Poa pratensis;Pâturin des prés;Dunes;Flore vasculaire;;2.2a, 2.2b;;;https://api.tela-botanica.org/img:000251929CRS.jpg;https://api.tela-botanica.org/img:000023910CRS.jpg;;;;;;exacte;;à illustrer;3 - Contexte
Polygonum maritimum;Renouée maritime;Dunes;Flore vasculaire;;1.1a, 1.1b;;;https://api.tela-botanica.org/img:002453575CRS.jpg;https://api.tela-botanica.org/img:000016212CRS.jpg;https://api.tela-botanica.org/img:000048798CRS.jpg;;;;;exacte;;à illustrer;2 - Complémentaire
Polypogon monspeliensis;Polypogon de Montpellier;Prés salés;Flore vasculaire;19;;5328;https://api.tela-botanica.org/img:000058350O.jpg;https://api.tela-botanica.org/img:000221853O.jpg;;;;;;"1=CSV marais ; 2=CSV marais";absent du xlsx;;;
Potentilla reptans;Potentille rampante;Dunes;Flore vasculaire;;2.2a, 2.2b, 2.5a, 2.5d;;;https://api.tela-botanica.org/img:000059248L.jpg;https://api.tela-botanica.org/img:000046592CRS.jpg;https://api.tela-botanica.org/img:002570103CRS.jpg;;;;;exacte;;à illustrer;3 - Contexte
Prunus spinosa;Prunellier;Dunes;Flore vasculaire;;2.2a, 2.2b, 2.3;;https://api.tela-botanica.org/img:003477826L.jpg;https://api.tela-botanica.org/img:003477827L.jpg;https://api.tela-botanica.org/img:003477828L.jpg;;;;;1=Tela Botanica (API DEL);absent du xlsx;;;
Pseudoscleropodium purum;Pseudoscleropodium purum (mousse);Dunes;Bryophyte / lichen;;2.1f;;;;;;;;;;exacte;;à illustrer;3 - Contexte
Ptychostomum compactum;Ptychostomum compactum (mousse);Dunes;Bryophyte / lichen;;2.6b;;;;;;;;;;exacte;;à illustrer;3 - Contexte
Ptychostomum imbricatulum;Ptychostomum imbricatulum (mousse);Dunes;Bryophyte / lichen;;2.1g;;;;;;;;;;exacte;;à illustrer;3 - Contexte
Puccinellia maritima;Puccinellie maritime;Prés salés;Flore vasculaire;2, 3, 4, 5, 6, 7, 8, 9, 12, 13, 19;;5501;https://api.tela-botanica.org/img:002185414L.jpg;https://api.tela-botanica.org/img:000080219O.jpg;https://api.tela-botanica.org/img:002185417L.jpg;;;;;"1=CSV marais ; 2=CSV marais ; 3=CSV marais";absent du xlsx;;;
Pulicaria dysenterica;Pulicaire dysentérique;Prés salés;Flore vasculaire;14;;5503;https://api.tela-botanica.org/img:000183953L.jpg;https://api.tela-botanica.org/img:003483641O.jpg;https://api.tela-botanica.org/img:000019602O.jpg;;;;;"1=CSV marais ; 2=CSV marais ; 3=CSV marais";absent du xlsx;;;
Ranunculus bulbosus subsp. bulbosus;Renoncule bulbeuse;Dunes;Flore vasculaire;;2.1d, 2.1f, 2.2a, 2.2b, 2.5b, 2.5c;;;https://api.tela-botanica.org/img:002352181CRS.jpg;https://api.tela-botanica.org/img:002352182CRS.jpg;;;;;;espèce seule (rang différent);Ranunculus bulbosus;à illustrer;3 - Contexte
Raphanus raphanistrum;Radis sauvage;Dunes;Flore vasculaire;;2.5c;;;https://api.tela-botanica.org/img:000078419L.jpg;https://api.tela-botanica.org/img:000294999CRS.jpg;https://api.tela-botanica.org/img:000054671CRS.jpg;https://api.tela-botanica.org/img:000045039CRS.jpg;;;;exacte;;à illustrer;3 - Contexte
Reseda luteola;Réséda des teinturiers;Dunes;Flore vasculaire;;2.5a;;;https://api.tela-botanica.org/img:000111948CRS.jpg;https://api.tela-botanica.org/img:002333327CRS.jpg;https://api.tela-botanica.org/img:002325553CRS.jpg;;;;;absent du xlsx;;;
Rosa pimpinellifolia;Rosier pimprenelle;Dunes;Flore vasculaire;;2.1a, 2.1b, 2.1d, 2.1f, 2.2a, 2.2b, 2.3;;;https://api.tela-botanica.org/img:000045254CRS.jpg;https://api.tela-botanica.org/img:000024637CRS.jpg;https://api.tela-botanica.org/img:000250633L.jpg;;;;;exacte;;à illustrer;1 - Essentiel
Rubus sp.;Ronce (non déterminée);Dunes;Flore vasculaire;;2.3;;https://api.tela-botanica.org/img:003465993L.jpg;https://api.tela-botanica.org/img:003465992L.jpg;https://api.tela-botanica.org/img:003411795L.jpg;;;;;1=Tela Botanica (API DEL);absent du xlsx;;;
Rumex crispus;Patience crépue;Dunes;Flore vasculaire;;2.5b, 2.5d;;https://api.tela-botanica.org/img:003432605L.jpg;https://api.tela-botanica.org/img:003432606L.jpg;https://api.tela-botanica.org/img:003432607L.jpg;;;;;1=Tela Botanica (API DEL);absent du xlsx;;;
Rumex obtusifolius;Patience à feuilles obtuses;Dunes;Flore vasculaire;;2.5b;;https://api.tela-botanica.org/img:003504442L.jpg;https://api.tela-botanica.org/img:003504443L.jpg;https://api.tela-botanica.org/img:003444053L.jpg;;;;;1=Tela Botanica (API DEL);absent du xlsx;;;
Sagina apetala;Sagine apétale;Dunes;Flore vasculaire;;2.1g, 2.6b;;;https://api.tela-botanica.org/img:000134332L.jpg;https://api.tela-botanica.org/img:000270830L.jpg;;;;;;exacte;;à illustrer;2 - Complémentaire
Sagina maritima;Sagine maritime;Prés salés;Flore vasculaire;13, 15;;6033;https://api.tela-botanica.org/img:000020825O.jpg;;;;;;;1=CSV marais;absent du xlsx;;;
Salicornia europaea s.l.;Salicorne, groupe europaea;Prés salés;Flore vasculaire;3, 4, 9;;6050;https://nature22.com/estran22/vegetaux/angiospermes/salicornia_groupe_europaea1-mc.jpg;https://nature22.com/estran22/vegetaux/angiospermes/salicornia_groupe_europaea3-mc.jpg;;;;;;"1=CSV marais ; 2=CSV marais";absent du xlsx;;;
Salicornia perennis;Salicorne vivace;Prés salés;Flore vasculaire;2, 3, 4, 5, 6, 7, 8, 12, 17;;683;https://nature22.com/estran22/vegetaux/angiospermes/salicornia_perennis2-fg.jpg;https://nature22.com/estran22/vegetaux/angiospermes/salicornia_perennis3-fg.jpg;https://nature22.com/estran22/vegetaux/angiospermes/salicornia_perennis1-mc.jpg;;;;;"1=CSV marais ; 2=CSV marais ; 3=CSV marais";absent du xlsx;;;
Salicornia procumbens s.l.;Salicorne, groupe procumbens;Prés salés;Flore vasculaire;2, 3, 4, 9;;6052;https://nature22.com/estran22/vegetaux/angiospermes/salicornia_procumbens1-fg.jpg;https://nature22.com/estran22/vegetaux/angiospermes/salicornia_procumbens2-mc.jpg;;;;;;"1=CSV marais ; 2=CSV marais";absent du xlsx;;;
Salicornia pruinosa;Salicorne ligneuse;Prés salés;Flore vasculaire;4, 7, 8, 13;;6139;;;;;;;;;absent du xlsx;;;
Salicornia sp.;Salicorne indéterminée;Prés salés;Flore vasculaire;6, 12, 13, 14;;;;;;;;;;;absent du xlsx;;;
Salsola kali subsp. kali;Soude épineuse;Dunes;Flore vasculaire;;1.1a, 1.1b;;;https://api.tela-botanica.org/img:000040040CRS.jpg;https://api.tela-botanica.org/img:000040039CRS.jpg;https://api.tela-botanica.org/img:000087910CRS.jpg;;;;;espèce seule (rang différent);Salsola kali;à illustrer;3 - Contexte
Salvia verbenaca;Sauge verveine;Dunes;Flore vasculaire;;2.5c;;;https://api.tela-botanica.org/img:000209930L.jpg;https://api.tela-botanica.org/img:002408588CRS.jpg;https://api.tela-botanica.org/img:000046175CRS.jpg;;;;;exacte;;à illustrer;3 - Contexte
Sambucus nigra;Sureau noir;Dunes;Flore vasculaire;;2.3;;https://api.tela-botanica.org/img:003523061L.jpg;https://api.tela-botanica.org/img:003523062L.jpg;https://api.tela-botanica.org/img:003523063L.jpg;;;;;1=Tela Botanica (API DEL);absent du xlsx;;;
Samolus valerandi;Samole de Valerand;Prés salés;Flore vasculaire;14;;6118;https://api.tela-botanica.org/img:000191135L.jpg;https://api.tela-botanica.org/img:000024072O.jpg;;;;;;"1=CSV marais ; 2=CSV marais";absent du xlsx;;;
Sanguisorba minor subsp. minor;Petite pimprenelle;Dunes;Flore vasculaire;;2.1a, 2.1b, 2.1c, 2.1d, 2.1e, 2.1f, 2.2a, 2.2b;;;https://api.tela-botanica.org/img:000017569CRS.jpg;https://api.tela-botanica.org/img:000010743CRS.jpg;https://api.tela-botanica.org/img:000017570L.jpg;;;;;exacte;;à illustrer;1 - Essentiel
Saxifraga tridactylites;Saxifrage à trois doigts;Dunes;Flore vasculaire;;2.1a, 2.1c, 2.1d, 2.1f, 2.1g, 2.6b;;https://api.tela-botanica.org/img:003476912L.jpg;https://api.tela-botanica.org/img:003426024L.jpg;https://api.tela-botanica.org/img:003413710L.jpg;;;;;1=Tela Botanica (API DEL);exacte;;à illustrer;2 - Complémentaire
Schoenus nigricans;Choin noirâtre;Prés salés;Flore vasculaire;14;;6250;https://api.tela-botanica.org/img:000076837L.jpg;https://api.tela-botanica.org/img:001929788O.jpg;https://api.tela-botanica.org/img:000065472O.jpg;;;;;"1=CSV marais ; 2=CSV marais ; 3=CSV marais";exacte;;à illustrer;3 - Contexte
Scirpus maritimus;Scirpe maritime;Prés salés;Flore vasculaire;4, 11, 14, 17, 19;;6277;https://api.tela-botanica.org/img:000293214O.jpg;https://api.tela-botanica.org/img:000089345O.jpg;;;;;;"1=CSV marais ; 2=CSV marais";absent du xlsx;;;
Sedum acre;Orpin âcre;Dunes;Flore vasculaire;;2.1a, 2.1b, 2.1c, 2.1d, 2.1e, 2.1f, 2.1g, 2.1h;;;https://api.tela-botanica.org/img:000068158CRS.jpg;https://api.tela-botanica.org/img:001342805L.jpg;https://api.tela-botanica.org/img:000156140L.jpg;;;;;exacte;;à illustrer;1 - Essentiel
Sedum anglicum;Orpin d'Angleterre;Prés salés;Flore vasculaire;13;;6359;https://api.tela-botanica.org/img:000079608O.jpg;https://api.tela-botanica.org/img:000021174O.jpg;;;;;;"1=CSV marais ; 2=CSV marais";absent du xlsx;;;
Senecio jacobaea;Séneçon jacobée;Dunes;Flore vasculaire;;1.3a, 2.1d, 2.1f, 2.2a, 2.2b, 2.3;;;https://api.tela-botanica.org/img:002573262CRS.jpg;https://api.tela-botanica.org/img:000049905CRS.jpg;https://api.tela-botanica.org/img:000017497CRS.jpg;;;;;exacte;;à illustrer;3 - Contexte
Senecio vulgaris;Séneçon commun;Dunes;Flore vasculaire;;2.1a, 2.1b, 2.1c, 2.1d, 2.1f, 2.1g, 2.1h, 2.2b;;;https://api.tela-botanica.org/img:000220875L.jpg;https://api.tela-botanica.org/img:002756001CRS.jpg;https://api.tela-botanica.org/img:000017879CRS.jpg;;;;;exacte;;à illustrer;3 - Contexte
Sherardia arvensis;Rubéole des champs;Dunes;Flore vasculaire;;2.1a, 2.2b, 2.5c, 2.6b;;;https://api.tela-botanica.org/img:000046649CRS.jpg;https://api.tela-botanica.org/img:000010723CRS.jpg;https://api.tela-botanica.org/img:000094686L.jpg;;;;;exacte;;à illustrer;2 - Complémentaire
Silene latifolia subsp. alba;Compagnon blanc;Dunes;Flore vasculaire;;2.5a, 2.5b, 2.5c;;;https://api.tela-botanica.org/img:000017418L.jpg;https://api.tela-botanica.org/img:002956314CRS.jpg;https://api.tela-botanica.org/img:002956315CRS.jpg;;;;;espèce seule (rang différent);Silene latifolia;à illustrer;3 - Contexte
Silene otites subsp. otites;Silène à oreillettes;Dunes;Flore vasculaire;;2.1c;;https://api.tela-botanica.org/img:000209180L.jpg;;;;;;;1=Tela Botanica (API DEL);exacte;;à illustrer;1 - Essentiel
Silene vulgaris subsp. maritima;Silène maritime;Prés salés;Flore vasculaire;13;;6611;https://api.tela-botanica.org/img:000090733L.jpg;https://api.tela-botanica.org/img:000014275O.jpg;https://api.tela-botanica.org/img:000054564O.jpg;;;;;"1=CSV marais ; 2=CSV marais ; 3=CSV marais";espèce seule (rang différent);Silene vulgaris;à illustrer;3 - Contexte
Sisymbrium officinale;Herbe aux chantres;Dunes;Flore vasculaire;;2.5a;;;https://api.tela-botanica.org/img:000220861L.jpg;https://api.tela-botanica.org/img:000020415CRS.jpg;https://api.tela-botanica.org/img:000111600L.jpg;;;;;absent du xlsx;;;
Smyrnium olusatrum;Maceron;Dunes;Flore vasculaire;;2.5d;;;https://api.tela-botanica.org/img:000017938L.jpg;https://api.tela-botanica.org/img:000017726L.jpg;https://api.tela-botanica.org/img:000021511CRS.jpg;;;;;absent du xlsx;;;
Solanum dulcamara;Morelle douce-amère;Dunes;Flore vasculaire;;2.3, 2.5a;;;https://api.tela-botanica.org/img:000092241L.jpg;https://api.tela-botanica.org/img:000241304L.jpg;;;;;;exacte;;à illustrer;3 - Contexte
Solanum nigrum;Morelle noire;Dunes;Flore vasculaire;;2.1i;;;https://api.tela-botanica.org/img:000114352L.jpg;https://api.tela-botanica.org/img:000091575L.jpg;https://api.tela-botanica.org/img:000092232L.jpg;;;;;exacte;;à illustrer;3 - Contexte
Sonchus asper;Laiteron épineux;Dunes;Flore vasculaire;;2.5a;;;https://api.tela-botanica.org/img:000017509CRS.jpg;https://api.tela-botanica.org/img:000043052CRS.jpg;https://api.tela-botanica.org/img:000019453CRS.jpg;;;;;absent du xlsx;;;
Sonchus oleraceus;Laiteron potager;Les deux;Flore vasculaire;17;1.3a;6688;https://api.tela-botanica.org/img:000017510O.jpg;https://api.tela-botanica.org/img:000042729O.jpg;https://api.tela-botanica.org/img:000045459O.jpg;;;;;"1=CSV marais ; 2=CSV marais ; 3=CSV marais";exacte;;à illustrer;3 - Contexte
Spartina maritima;Spartine maritime;Prés salés;Flore vasculaire;2, 3, 6;;6712;https://api.tela-botanica.org/img:000089400L.jpg;https://api.tela-botanica.org/img:000063794O.jpg;https://api.tela-botanica.org/img:000063792CRS.jpg;;;;;"1=CSV marais ; 2=CSV marais ; 3=CSV marais";absent du xlsx;;;
Spartina x townsendii var. anglica;Spartine d'Angleterre;Prés salés;Flore vasculaire;3, 6, 7;;6714;https://api.tela-botanica.org/img:002322664O.jpg;https://api.tela-botanica.org/img:002537317O.jpg;https://api.tela-botanica.org/img:002537318O.jpg;;;;;"1=CSV marais ; 2=CSV marais ; 3=CSV marais";absent du xlsx;;;
Spergularia marina;Spergulaire marine;Prés salés;Flore vasculaire;15;;6724;https://api.tela-botanica.org/img:000084718O.jpg;https://api.tela-botanica.org/img:000181435O.jpg;https://api.tela-botanica.org/img:000788617L.jpg;;;;;"1=CSV marais ; 2=CSV marais ; 3=CSV marais";absent du xlsx;;;
Spergularia media;Spergulaire intermédiaire;Prés salés;Flore vasculaire;3, 4, 5, 7, 9, 12, 13, 14;;6726;https://api.tela-botanica.org/img:000263958L.jpg;https://api.tela-botanica.org/img:000055117O.jpg;https://api.tela-botanica.org/img:000185079L.jpg;;;;;"1=CSV marais ; 2=CSV marais ; 3=CSV marais";absent du xlsx;;;
Stellaria media subsp. media;Mouron des oiseaux;Dunes;Flore vasculaire;;2.5b;;;https://api.tela-botanica.org/img:000730721L.jpg;https://api.tela-botanica.org/img:002515582CRS.jpg;https://api.tela-botanica.org/img:002276765L.jpg;;;;;absent du xlsx;;;
Suaeda maritima;Soude maritime;Prés salés;Flore vasculaire;3, 4, 5, 7, 8, 9, 11, 12, 13, 14, 15;;6802;https://api.tela-botanica.org/img:000058665O.jpg;https://api.tela-botanica.org/img:000047941O.jpg;https://api.tela-botanica.org/img:002335325L.jpg;https://api.tela-botanica.org/img:000044666O.jpg;;;;"1=CSV marais ; 2=CSV marais ; 3=CSV marais ; 4=CSV marais";absent du xlsx;;;
Suaeda vera;Soude ligneuse;Prés salés;Flore vasculaire;4, 5, 8, 13;;6806;https://api.tela-botanica.org/img:000346280O.jpg;https://api.tela-botanica.org/img:000044665O.jpg;https://api.tela-botanica.org/img:000044664O.jpg;;;;;"1=CSV marais ; 2=CSV marais ; 3=CSV marais";absent du xlsx;;;
Syntrichia ruralis subsp. ruraliformis;Syntrichia ruralis (mousse des dunes saupoudrées);Dunes;Bryophyte / lichen;;2.1b, 2.1c, 2.1d, 2.1h;;;;;;;;;;exacte;;à illustrer;1 - Essentiel
Taraxacum gr. erythrospermum;Pissenlit à graines rouges (groupe);Dunes;Flore vasculaire;;2.1d, 2.1f, 2.2a, 2.2b;;https://api.tela-botanica.org/img:003515016L.jpg;https://api.tela-botanica.org/img:003515017L.jpg;https://api.tela-botanica.org/img:003515014L.jpg;;;;;1=Tela Botanica (API DEL);absent du xlsx;;;
Thelypteris palustris;Théliptéris des marais;Prés salés;Flore vasculaire;14;;6998;https://api.tela-botanica.org/img:002332940O.jpg;https://api.tela-botanica.org/img:000063530O.jpg;;;;;;"1=CSV marais ; 2=CSV marais";absent du xlsx;;;
Thesium humifusum;Thésium couché;Dunes;Flore vasculaire;;2.1d, 2.1e;;;https://api.tela-botanica.org/img:000017836CRS.jpg;https://api.tela-botanica.org/img:000046670CRS.jpg;https://api.tela-botanica.org/img:000793815L.jpg;;;;;exacte;;à illustrer;1 - Essentiel
Thymus drucei;Thym de Bretagne;Dunes;Flore vasculaire;;2.1a, 2.1b, 2.1c, 2.1d, 2.1e, 2.1f, 2.1g, 2.6b;;;https://api.tela-botanica.org/img:000793405L.jpg;https://api.tela-botanica.org/img:000793404CRS.jpg;https://api.tela-botanica.org/img:000022918CRS.jpg;;;;;exacte;;à illustrer;1 - Essentiel
Tortella flavovirens;Tortella flavovirens (mousse);Dunes;Bryophyte / lichen;;2.1c;;;;;;;;;;exacte;;à illustrer;2 - Complémentaire
Tortella squarrosa;Tortella squarrosa (mousse);Dunes;Bryophyte / lichen;;2.1a, 2.1c, 2.1d, 2.1e, 2.1f, 2.1g, 2.1h;;;;;;;;;;exacte;;à illustrer;1 - Essentiel
Trifolium dubium;Trèfle douteux;Dunes;Flore vasculaire;;2.2b;;;https://api.tela-botanica.org/img:000045959CRS.jpg;https://api.tela-botanica.org/img:000157999CRS.jpg;;;;;;exacte;;à illustrer;3 - Contexte
Trifolium ornithopodioides;Trèfle pied-d'oiseau;Dunes;Flore vasculaire;;2.6b;;;https://api.tela-botanica.org/img:000331908L.jpg;https://api.tela-botanica.org/img:002501162CRS.jpg;;;;;;exacte;;à illustrer;3 - Contexte
Trifolium scabrum;Trèfle scabre;Dunes;Flore vasculaire;;2.1a;;;https://api.tela-botanica.org/img:000304695L.jpg;https://api.tela-botanica.org/img:000754788CRS.jpg;https://api.tela-botanica.org/img:000048685CRS.jpg;;;;;exacte;;à illustrer;2 - Complémentaire
Trifolium suffocatum;Trèfle étouffé;Dunes;Flore vasculaire;;2.1g, 2.6b;;;https://api.tela-botanica.org/img:000261987CRS.jpg;https://api.tela-botanica.org/img:000261992CRS.jpg;https://api.tela-botanica.org/img:001343041L.jpg;;;;;exacte;;à illustrer;2 - Complémentaire
Triglochin bulbosum subsp. barrelieri;Troscart bulbeux;Prés salés;Flore vasculaire;13, 15;;7199;https://api.tela-botanica.org/img:000185874O.jpg;https://api.tela-botanica.org/img:000059885O.jpg;https://api.tela-botanica.org/img:001219907O.jpg;;;;;"1=CSV marais ; 2=CSV marais ; 3=CSV marais";absent du xlsx;;;
Triglochin maritima;Troscart maritime;Prés salés;Flore vasculaire;4, 5, 7, 11, 12, 14;;7202;https://api.tela-botanica.org/img:000022693O.jpg;https://api.tela-botanica.org/img:000080242O.jpg;https://api.tela-botanica.org/img:000246058L.jpg;;;;;"1=CSV marais ; 2=CSV marais ; 3=CSV marais";absent du xlsx;;;
Ulex europaeus subsp. europaeus;Ajonc d'Europe;Dunes;Flore vasculaire;;2.3;;https://api.tela-botanica.org/img:003313812L.jpg;https://api.tela-botanica.org/img:002848165L.jpg;https://api.tela-botanica.org/img:002848164L.jpg;;;;;1=Tela Botanica (API DEL);absent du xlsx;;;
Urtica dioica;Grande ortie;Dunes;Flore vasculaire;;2.5a, 2.5b;;https://api.tela-botanica.org/img:003507457L.jpg;https://api.tela-botanica.org/img:003507458L.jpg;https://api.tela-botanica.org/img:003507459L.jpg;;;;;1=Tela Botanica (API DEL);absent du xlsx;;;
Valerianella locusta;Mâche doucette;Dunes;Flore vasculaire;;2.1a, 2.1b;;;https://api.tela-botanica.org/img:002871021CRS.jpg;https://api.tela-botanica.org/img:000072378CRS.jpg;;;;;;exacte;;à illustrer;2 - Complémentaire
Verbascum nigrum subsp. nigrum;Molène noire;Dunes;Flore vasculaire;;2.5a;;;https://api.tela-botanica.org/img:000211227L.jpg;https://api.tela-botanica.org/img:000211229CRS.jpg;;;;;;absent du xlsx;;;
Verbascum thapsus;Bouillon blanc;Dunes;Flore vasculaire;;2.5a;;;https://api.tela-botanica.org/img:000346932L.jpg;https://api.tela-botanica.org/img:000068382CRS.jpg;https://api.tela-botanica.org/img:000068383CRS.jpg;;;;;absent du xlsx;;;
Verbena officinalis;Verveine officinale;Dunes;Flore vasculaire;;2.5a;;;https://api.tela-botanica.org/img:000133025L.jpg;https://api.tela-botanica.org/img:000039363CRS.jpg;https://api.tela-botanica.org/img:000039362CRS.jpg;https://api.tela-botanica.org/img:000039364CRS.jpg;;;;absent du xlsx;;;
Veronica arvensis;Véronique des champs;Dunes;Flore vasculaire;;2.1a, 2.1d, 2.1f, 2.1g, 2.1h, 2.2b;;;https://api.tela-botanica.org/img:000119046L.jpg;https://api.tela-botanica.org/img:000066059CRS.jpg;https://api.tela-botanica.org/img:000196320CRS.jpg;;;;;exacte;;à illustrer;3 - Contexte
Vicia sativa subsp. segetalis;Vesce des moissons;Dunes;Flore vasculaire;;2.2a;;;https://api.tela-botanica.org/img:000034939L.jpg;https://api.tela-botanica.org/img:000021911CRS.jpg;https://api.tela-botanica.org/img:000317606CRS.jpg;;;;;absent du xlsx;;;
Viola kitaibeliana;Pensée de Kitaibel;Dunes;Flore vasculaire;;2.1a, 2.1b, 2.1c, 2.1d, 2.1f;;;https://api.tela-botanica.org/img:000034641L.jpg;https://api.tela-botanica.org/img:000043263CRS.jpg;https://api.tela-botanica.org/img:000010844CRS.jpg;;;;;exacte;;à illustrer;1 - Essentiel
Vulpia myuros;Vulpie queue-de-rat;Dunes;Flore vasculaire;;2.6b;;;https://api.tela-botanica.org/img:000017512L.jpg;https://api.tela-botanica.org/img:000080458CRS.jpg;https://api.tela-botanica.org/img:000159890CRS.jpg;;;;;absent du xlsx;;;
Vulpia sp.;Vulpie (non déterminée);Dunes;Flore vasculaire;;2.5c;;https://api.tela-botanica.org/img:003242866L.jpg;https://api.tela-botanica.org/img:003242867L.jpg;https://api.tela-botanica.org/img:002429606L.jpg;;;;;1=Tela Botanica (API DEL);absent du xlsx;;;
Zostera noltii;Zostère naine;Prés salés;Flore vasculaire;1;;7600;https://api.tela-botanica.org/img:002085350O.jpg;https://api.tela-botanica.org/img:002085419O.jpg;https://api.tela-botanica.org/img:002186281L.jpg;;;;;"1=CSV marais ; 2=CSV marais ; 3=CSV marais";absent du xlsx;;;
